Comment Text,Comment Language,Comment Like Count,Author Nickname,video_type,comment_date,video_id
😭❤️,en,0,user_7457,Motivation,2025-08-05T02:00:00+00:00,7700000000005000000
this made me cry 💯,en,0,user_1804,Motivation,2025-08-03T20:00:00+00:00,7700000000005000000
thank you for saying this,en,2,user_2322,Motivation,2025-08-05T18:00:00+00:00,7700000000005000000
goals 😂,en,1,user_2556,Motivation,2025-08-06T09:00:00+00:00,7700000000005000000
needed to hear this today,en,0,user_7149,Motivation,2025-08-03T08:00:00+00:00,7700000000005000000
same,en,0,user_6212,Motivation,2025-08-05T08:00:00+00:00,7700000000005000000
yes,en,0,user_7199,Motivation,2025-08-04T16:00:00+00:00,7700000000005000000
🤩✨,en,0,user_2705,Motivation,2025-08-03T20:00:00+00:00,7700000000005000000
obsessed,en,0,user_7269,Motivation,2025-08-06T10:00:00+00:00,7700000000005000000
you have no idea how timely this is,en,1,user_3992,Motivation,2025-08-06T22:00:00+00:00,7700000000005000000
thank you for saying this,en,0,user_2702,Motivation,2025-08-05T02:00:00+00:00,7700000000005000000
no way 🤩,en,1,user_6116,Motivation,2025-08-05T09:00:00+00:00,7700000000005000000
yes,en,3,user_9918,Motivation,2025-08-04T12:00:00+00:00,7700000000005000000
do one about comparison please,en,0,user_3416,Motivation,2025-08-04T13:00:00+00:00,7700000000005000000
talk about confidence next,en,6,user_3504,Motivation,2025-08-03T10:00:00+00:00,7700000000005000000
insecurity is real 😂🔥,en,0,user_2108,Motivation,2025-08-04T04:00:00+00:00,7700000000005000000
love your honesty,en,2,user_1392,Motivation,2025-08-06T11:00:00+00:00,7700000000005000000
yes,en,3,user_1498,Motivation,2025-08-03T22:00:00+00:00,7700000000005000000
talk about confidence next ❤️❤️,en,0,user_2999,Motivation,2025-08-05T07:00:00+00:00,7700000000005000000
thank you for saying this,en,2,user_5185,Motivation,2025-08-05T16:00:00+00:00,7700000000005000000
real talk,en,3,user_3717,Motivation,2025-08-06T23:00:00+00:00,7700000000005000000
real talk 👏,en,3,user_2183,Motivation,2025-08-04T14:00:00+00:00,7700000000005000000
real talk 😍😂,en,8,user_1058,Motivation,2025-08-04T22:00:00+00:00,7700000000005000000
real talk,en,0,user_6474,Motivation,2025-08-03T16:00:00+00:00,7700000000005000000
this made me cry,en,0,user_3226,Motivation,2025-08-03T06:00:00+00:00,7700000000005000000
needed to hear this today ❤️❤️,en,16,user_6986,Motivation,2025-08-04T12:00:00+00:00,7700000000005000000
real talk,en,1,user_4927,Motivation,2025-08-03T06:00:00+00:00,7700000000005000000
obsessed 😭,en,0,user_5208,Motivation,2025-08-06T00:00:00+00:00,7700000000005000000
thank you for saying this 💯🔥,en,0,user_1430,Motivation,2025-08-04T03:00:00+00:00,7700000000005000000
same,en,0,user_6231,Motivation,2025-08-09T12:00:00+00:00,7700000000005000001
talk about confidence next,en,0,user_9374,Motivation,2025-08-06T03:00:00+00:00,7700000000005000001
felt every word,en,1,user_3052,Motivation,2025-08-08T16:00:00+00:00,7700000000005000001
video is too short make it longer 😭,en,0,user_8709,Motivation,2025-08-07T04:00:00+00:00,7700000000005000001
needed to hear this today,en,0,user_8936,Motivation,2025-08-09T02:00:00+00:00,7700000000005000001
this made me cry ✨👏,en,9,user_5539,Motivation,2025-08-07T09:00:00+00:00,7700000000005000001
do one about comparison please,en,0,user_5556,Motivation,2025-08-08T20:00:00+00:00,7700000000005000001
do one about comparison please,en,0,user_4590,Motivation,2025-08-09T05:00:00+00:00,7700000000005000001
talk about confidence next,en,10,user_8699,Motivation,2025-08-08T03:00:00+00:00,7700000000005000001
yes,en,0,user_4161,Motivation,2025-08-07T10:00:00+00:00,7700000000005000001
insecurity is real,en,0,user_3175,Motivation,2025-08-08T08:00:00+00:00,7700000000005000001
thank you for saying this 👏,en,1,user_7588,Motivation,2025-08-08T21:00:00+00:00,7700000000005000001
no way,en,0,user_3169,Motivation,2025-08-06T03:00:00+00:00,7700000000005000001
you have no idea how timely this is,en,4,user_4555,Motivation,2025-08-09T17:00:00+00:00,7700000000005000001
you have no idea how timely this is 👏😭,en,0,user_2098,Motivation,2025-08-09T14:00:00+00:00,7700000000005000001
do one about comparison please,en,0,user_9440,Motivation,2025-08-07T08:00:00+00:00,7700000000005000001
insecurity is real ❤️✨,en,2,user_1684,Motivation,2025-08-07T06:00:00+00:00,7700000000005000001
felt every word 😂❤️,en,4,user_2377,Motivation,2025-08-08T19:00:00+00:00,7700000000005000001
love your honesty,en,0,user_6391,Motivation,2025-08-07T09:00:00+00:00,7700000000005000001
insecurity is real,en,2,user_1605,Motivation,2025-08-07T11:00:00+00:00,7700000000005000001
this made me cry,en,0,user_9749,Motivation,2025-08-07T12:00:00+00:00,7700000000005000001
felt every word,en,0,user_6511,Motivation,2025-08-06T09:00:00+00:00,7700000000005000001
camera is shaky here 🔥🤩,en,3,user_5109,Motivation,2025-08-09T02:00:00+00:00,7700000000005000001
make a video about dealing with body shaming,en,0,user_2582,Motivation,2025-08-06T03:00:00+00:00,7700000000005000001
this made me cry 💯,en,0,user_6140,Motivation,2025-08-06T07:00:00+00:00,7700000000005000001
thank you for saying this,en,0,user_3646,Motivation,2025-08-08T07:00:00+00:00,7700000000005000001
love your honesty,en,3,user_7952,Motivation,2025-08-06T14:00:00+00:00,7700000000005000001
you have no idea how timely this is 😍😭,en,0,user_2149,Motivation,2025-08-09T02:00:00+00:00,7700000000005000001
💯,en,7,user_7874,Motivation,2025-08-06T16:00:00+00:00,7700000000005000001
needed to hear this today,en,0,user_8816,Motivation,2025-08-08T10:00:00+00:00,7700000000005000001
omg,en,0,user_2927,Motivation,2025-08-09T17:00:00+00:00,7700000000005000001
felt every word,en,0,user_2048,Motivation,2025-08-06T22:00:00+00:00,7700000000005000001
this made me cry,en,0,user_6696,Motivation,2025-08-09T08:00:00+00:00,7700000000005000001
thank you for saying this ❤️👏,en,0,user_7611,Motivation,2025-08-10T08:00:00+00:00,7700000000005000002
lol,en,2,user_5182,Motivation,2025-08-12T16:00:00+00:00,7700000000005000002
needed to hear this today 🔥🔥,en,1,user_8283,Motivation,2025-08-12T23:00:00+00:00,7700000000005000002
make a video about dealing with body shaming 🔥,en,0,user_1661,Motivation,2025-08-12T00:00:00+00:00,7700000000005000002
love your honesty 👏😍,en,3,user_6409,Motivation,2025-08-12T09:00:00+00:00,7700000000005000002
real talk,en,0,user_5380,Motivation,2025-08-14T00:00:00+00:00,7700000000005000002
love your honesty,en,1,user_7141,Motivation,2025-08-11T10:00:00+00:00,7700000000005000002
love your honesty,en,2,user_6270,Motivation,2025-08-10T15:00:00+00:00,7700000000005000002
how do you stay positive,en,3,user_4987,Motivation,2025-08-11T12:00:00+00:00,7700000000005000002
the audio is a bit low on this one,en,2,user_4072,Motivation,2025-08-13T14:00:00+00:00,7700000000005000002
real talk,en,1,user_8047,Motivation,2025-08-13T04:00:00+00:00,7700000000005000002
love your honesty 😍😭,en,1,user_8790,Motivation,2025-08-13T17:00:00+00:00,7700000000005000002
this made me cry ✨,en,12,user_1765,Motivation,2025-08-11T14:00:00+00:00,7700000000005000002
lol,en,0,user_9097,Motivation,2025-08-11T14:00:00+00:00,7700000000005000002
do one about comparison please,en,0,user_2810,Motivation,2025-08-12T12:00:00+00:00,7700000000005000002
love your honesty ❤️🤩,en,0,user_5843,Motivation,2025-08-10T20:00:00+00:00,7700000000005000002
love your honesty 🙌,en,0,user_9974,Motivation,2025-08-10T23:00:00+00:00,7700000000005000002
😍😍,en,0,user_3219,Motivation,2025-08-13T09:00:00+00:00,7700000000005000002
love your honesty ✨🤩,en,0,user_4803,Motivation,2025-08-10T22:00:00+00:00,7700000000005000002
👏👏,en,0,user_7897,Motivation,2025-08-13T02:00:00+00:00,7700000000005000002
real talk 😂,en,0,user_8657,Motivation,2025-08-11T11:00:00+00:00,7700000000005000002
wow,en,0,user_1351,Motivation,2025-08-12T18:00:00+00:00,7700000000005000002
needed to hear this today 🔥😂,en,0,user_2059,Motivation,2025-08-12T03:00:00+00:00,7700000000005000002
😭❤️,en,0,user_3212,Motivation,2025-08-11T07:00:00+00:00,7700000000005000002
this made me cry,en,2,user_8193,Motivation,2025-08-10T20:00:00+00:00,7700000000005000002
how do you stay positive ✨,en,1,user_5550,Motivation,2025-08-12T08:00:00+00:00,7700000000005000002
needed to hear this today,en,0,user_5547,Motivation,2025-08-10T21:00:00+00:00,7700000000005000002
the audio is a bit low on this one,en,5,user_9508,Motivation,2025-08-14T10:00:00+00:00,7700000000005000003
love your honesty ❤️,en,2,user_7305,Motivation,2025-08-14T05:00:00+00:00,7700000000005000003
how do you stay positive ✨,en,0,user_1182,Motivation,2025-08-15T14:00:00+00:00,7700000000005000003
how do you stay positive,en,0,user_3563,Motivation,2025-08-17T23:00:00+00:00,7700000000005000003
this made me cry,en,0,user_5373,Motivation,2025-08-17T08:00:00+00:00,7700000000005000003
fire 🙌🤩,en,0,user_7506,Motivation,2025-08-15T14:00:00+00:00,7700000000005000003
🔥🔥🔥,en,0,user_8059,Motivation,2025-08-17T05:00:00+00:00,7700000000005000003
love 🔥🔥,en,3,user_8319,Motivation,2025-08-14T04:00:00+00:00,7700000000005000003
needed to hear this today,en,0,user_9535,Motivation,2025-08-17T17:00:00+00:00,7700000000005000003
insecurity is real 😭,en,0,user_5115,Motivation,2025-08-15T09:00:00+00:00,7700000000005000003
this made me cry,en,2,user_7932,Motivation,2025-08-15T19:00:00+00:00,7700000000005000003
fire,en,0,user_2461,Motivation,2025-08-17T17:00:00+00:00,7700000000005000003
🔥🔥🔥,en,0,user_3436,Motivation,2025-08-16T03:00:00+00:00,7700000000005000003
you have no idea how timely this is,en,0,user_3312,Motivation,2025-08-17T18:00:00+00:00,7700000000005000003
thank you for saying this,en,1,user_9356,Motivation,2025-08-14T17:00:00+00:00,7700000000005000003
this made me cry 😍,en,1,user_9769,Motivation,2025-08-14T13:00:00+00:00,7700000000005000003
💯,en,3,user_5113,Motivation,2025-08-15T11:00:00+00:00,7700000000005000003
how do you stay positive,en,3,user_2956,Motivation,2025-08-15T08:00:00+00:00,7700000000005000003
needed to hear this today,en,5,user_1135,Motivation,2025-08-14T18:00:00+00:00,7700000000005000003
yes ✨,en,3,user_1684,Motivation,2025-08-17T22:00:00+00:00,7700000000005000003
yes 💯🔥,en,28,user_2840,Motivation,2025-08-16T22:00:00+00:00,7700000000005000003
this made me cry ✨,en,3,user_8079,Motivation,2025-08-17T17:00:00+00:00,7700000000005000003
real talk,en,1,user_2592,Motivation,2025-08-17T04:00:00+00:00,7700000000005000003
thank you for saying this,en,9,user_2230,Motivation,2025-08-16T05:00:00+00:00,7700000000005000003
thank you for saying this,en,24,user_5231,Motivation,2025-08-14T21:00:00+00:00,7700000000005000003
real talk,en,2,user_9580,Motivation,2025-08-14T19:00:00+00:00,7700000000005000003
make a video about dealing with body shaming 🙌😂,en,2,user_6259,Motivation,2025-08-15T01:00:00+00:00,7700000000005000003
love,en,5,user_1007,Motivation,2025-08-17T05:00:00+00:00,7700000000005000003
so cool,en,0,user_6799,Motivation,2025-08-15T08:00:00+00:00,7700000000005000003
needed to hear this today,en,0,user_9044,Motivation,2025-08-16T16:00:00+00:00,7700000000005000003
insecurity is real 😂✨,en,8,user_7489,Motivation,2025-08-16T18:00:00+00:00,7700000000005000003
you have no idea how timely this is 👏,en,0,user_6291,Motivation,2025-08-15T14:00:00+00:00,7700000000005000003
real talk,en,1,user_8729,Motivation,2025-08-15T01:00:00+00:00,7700000000005000003
love,en,9,user_6964,Motivation,2025-08-20T02:00:00+00:00,7700000000005000004
the captions are hard to read,en,0,user_1218,Motivation,2025-08-19T23:00:00+00:00,7700000000005000004
make a video about dealing with body shaming,en,0,user_1592,Motivation,2025-08-21T17:00:00+00:00,7700000000005000004
so cool,en,10,user_3306,Motivation,2025-08-20T19:00:00+00:00,7700000000005000004
felt every word,en,4,user_3817,Motivation,2025-08-21T15:00:00+00:00,7700000000005000004
do one about comparison please,en,1,user_7069,Motivation,2025-08-18T02:00:00+00:00,7700000000005000004
you have no idea how timely this is,en,24,user_3674,Motivation,2025-08-21T14:00:00+00:00,7700000000005000004
💯,en,0,user_3851,Motivation,2025-08-18T18:00:00+00:00,7700000000005000004
how do you stay positive 🙌,en,2,user_6557,Motivation,2025-08-20T13:00:00+00:00,7700000000005000004
this made me cry 😂,en,0,user_8444,Motivation,2025-08-21T10:00:00+00:00,7700000000005000004
yes,en,0,user_6945,Motivation,2025-08-20T16:00:00+00:00,7700000000005000004
🔥🔥🔥,en,3,user_5690,Motivation,2025-08-18T03:00:00+00:00,7700000000005000004
the captions are hard to read,en,0,user_5618,Motivation,2025-08-19T11:00:00+00:00,7700000000005000004
omg 😍,en,0,user_3026,Motivation,2025-08-21T18:00:00+00:00,7700000000005000004
do one about comparison please,en,9,user_1818,Motivation,2025-08-20T20:00:00+00:00,7700000000005000004
do one about comparison please,en,0,user_8898,Motivation,2025-08-20T07:00:00+00:00,7700000000005000004
this made me cry,en,0,user_2007,Motivation,2025-08-21T11:00:00+00:00,7700000000005000004
goals,en,0,user_8672,Motivation,2025-08-19T14:00:00+00:00,7700000000005000004
yes,en,2,user_8680,Motivation,2025-08-21T00:00:00+00:00,7700000000005000004
the music is louder than your voice,en,1,user_5628,Motivation,2025-08-21T20:00:00+00:00,7700000000005000004
fire,en,5,user_3194,Motivation,2025-08-18T19:00:00+00:00,7700000000005000004
😭❤️,en,0,user_3973,Motivation,2025-08-19T10:00:00+00:00,7700000000005000004
the captions are hard to read,en,0,user_3700,Motivation,2025-08-20T11:00:00+00:00,7700000000005000004
felt every word 🤩,en,0,user_6062,Motivation,2025-08-18T14:00:00+00:00,7700000000005000004
insecurity is real,en,0,user_4773,Motivation,2025-08-20T08:00:00+00:00,7700000000005000004
love your honesty,en,0,user_5878,Motivation,2025-08-21T03:00:00+00:00,7700000000005000004
this made me cry,en,2,user_8571,Motivation,2025-08-18T23:00:00+00:00,7700000000005000004
insecurity is real,en,0,user_6096,Motivation,2025-08-19T19:00:00+00:00,7700000000005000004
this made me cry,en,0,user_5004,Motivation,2025-08-20T10:00:00+00:00,7700000000005000004
felt every word 😍,en,21,user_6087,Motivation,2025-08-21T16:00:00+00:00,7700000000005000004
😍😍,en,3,user_8769,Motivation,2025-08-20T05:00:00+00:00,7700000000005000004
you have no idea how timely this is,en,0,user_8409,Motivation,2025-08-21T04:00:00+00:00,7700000000005000004
needed to hear this today,en,3,user_8119,Motivation,2025-08-20T20:00:00+00:00,7700000000005000004
needed to hear this today,en,6,user_5760,Motivation,2025-08-19T04:00:00+00:00,7700000000005000004
make a video about dealing with body shaming,en,0,user_6493,Motivation,2025-08-21T10:00:00+00:00,7700000000005000004
love your honesty 👏😍,en,3,user_7210,Motivation,2025-08-22T12:00:00+00:00,7700000000005000005
do one about comparison please,en,0,user_8842,Motivation,2025-08-23T22:00:00+00:00,7700000000005000005
real talk,en,1,user_1720,Motivation,2025-08-24T23:00:00+00:00,7700000000005000005
needed to hear this today 🔥,en,0,user_9267,Motivation,2025-08-24T23:00:00+00:00,7700000000005000005
this made me cry,en,0,user_6272,Motivation,2025-08-24T05:00:00+00:00,7700000000005000005
how do you stay positive 👏,en,0,user_2608,Motivation,2025-08-24T15:00:00+00:00,7700000000005000005
this made me cry,en,0,user_5344,Motivation,2025-08-25T09:00:00+00:00,7700000000005000005
love your honesty,en,0,user_3858,Motivation,2025-08-25T09:00:00+00:00,7700000000005000005
thank you for saying this,en,3,user_7456,Motivation,2025-08-24T14:00:00+00:00,7700000000005000005
make a video about dealing with body shaming,en,1,user_1735,Motivation,2025-08-24T07:00:00+00:00,7700000000005000005
lol,en,0,user_6437,Motivation,2025-08-23T21:00:00+00:00,7700000000005000005
fire,en,0,user_4850,Motivation,2025-08-22T09:00:00+00:00,7700000000005000005
😍😍,en,0,user_8331,Motivation,2025-08-23T18:00:00+00:00,7700000000005000005
camera is shaky here ✨,en,2,user_9716,Motivation,2025-08-25T16:00:00+00:00,7700000000005000005
make a video about dealing with body shaming,en,0,user_8169,Motivation,2025-08-24T14:00:00+00:00,7700000000005000005
yes,en,0,user_3987,Motivation,2025-08-25T05:00:00+00:00,7700000000005000005
😍😍,en,0,user_1577,Motivation,2025-08-24T18:00:00+00:00,7700000000005000005
you have no idea how timely this is,en,2,user_9151,Motivation,2025-08-24T14:00:00+00:00,7700000000005000005
same,en,9,user_2476,Motivation,2025-08-25T14:00:00+00:00,7700000000005000005
love ✨,en,0,user_5013,Motivation,2025-08-24T11:00:00+00:00,7700000000005000005
same ✨,en,29,user_7090,Motivation,2025-08-25T23:00:00+00:00,7700000000005000005
yes,en,0,user_2533,Motivation,2025-08-28T15:00:00+00:00,7700000000005000006
😭❤️,en,0,user_4669,Motivation,2025-08-30T00:00:00+00:00,7700000000005000006
love your honesty,en,0,user_7802,Motivation,2025-08-29T12:00:00+00:00,7700000000005000006
needed to hear this today 🔥🙌,en,3,user_4352,Motivation,2025-08-30T00:00:00+00:00,7700000000005000006
make a video about dealing with body shaming 😍🤩,en,0,user_7462,Motivation,2025-08-29T13:00:00+00:00,7700000000005000006
make a video about dealing with body shaming,en,3,user_6216,Motivation,2025-08-29T18:00:00+00:00,7700000000005000006
felt every word,en,17,user_1270,Motivation,2025-08-26T09:00:00+00:00,7700000000005000006
insecurity is real,en,1,user_1881,Motivation,2025-08-26T08:00:00+00:00,7700000000005000006
you have no idea how timely this is 👏😂,en,12,user_5922,Motivation,2025-08-27T22:00:00+00:00,7700000000005000006
fire,en,0,user_4201,Motivation,2025-08-28T17:00:00+00:00,7700000000005000006
insecurity is real,en,0,user_3622,Motivation,2025-08-29T17:00:00+00:00,7700000000005000006
real talk,en,0,user_9914,Motivation,2025-08-28T14:00:00+00:00,7700000000005000006
do one about comparison please,en,0,user_5885,Motivation,2025-08-28T03:00:00+00:00,7700000000005000006
this made me cry,en,29,user_7294,Motivation,2025-08-28T19:00:00+00:00,7700000000005000006
needed to hear this today 🤩,en,4,user_1813,Motivation,2025-08-29T06:00:00+00:00,7700000000005000006
goals ❤️,en,0,user_9344,Motivation,2025-08-29T13:00:00+00:00,7700000000005000006
so cool,en,0,user_5091,Motivation,2025-08-29T02:00:00+00:00,7700000000005000006
thank you for saying this 😭🙌,en,1,user_9622,Motivation,2025-08-28T08:00:00+00:00,7700000000005000006
this made my day 💯💯,en,0,user_6973,Motivation,2025-08-27T11:00:00+00:00,7700000000005000006
real talk ✨😍,en,0,user_9032,Motivation,2025-08-27T20:00:00+00:00,7700000000005000006
😍😍,en,0,user_3479,Motivation,2025-08-29T14:00:00+00:00,7700000000005000006
real talk,en,0,user_4859,Motivation,2025-08-26T19:00:00+00:00,7700000000005000006
love your honesty,en,0,user_7136,Motivation,2025-08-27T22:00:00+00:00,7700000000005000006
felt every word,en,0,user_7716,Motivation,2025-08-29T21:00:00+00:00,7700000000005000006
video is too short make it longer,en,3,user_9172,Motivation,2025-08-27T15:00:00+00:00,7700000000005000006
how do you stay positive 🙌😂,en,0,user_1160,Motivation,2025-08-27T11:00:00+00:00,7700000000005000006
felt every word,en,0,user_9951,Motivation,2025-08-26T16:00:00+00:00,7700000000005000006
love your honesty 😂🤩,en,3,user_6544,Motivation,2025-08-26T07:00:00+00:00,7700000000005000006
yes 😍,en,0,user_7888,Motivation,2025-08-28T22:00:00+00:00,7700000000005000006
thank you for saying this 🔥❤️,en,0,user_9979,Motivation,2025-08-28T15:00:00+00:00,7700000000005000006
do one about comparison please,en,0,user_6414,Motivation,2025-08-28T07:00:00+00:00,7700000000005000006
insecurity is real 😭💯,en,0,user_4749,Motivation,2025-08-27T08:00:00+00:00,7700000000005000006
make a video about dealing with body shaming,en,1,user_6651,Motivation,2025-08-31T17:00:00+00:00,7700000000005000007
😭❤️,en,0,user_9171,Motivation,2025-08-28T01:00:00+00:00,7700000000005000007
how do you stay positive 😍,en,0,user_6234,Motivation,2025-08-29T08:00:00+00:00,7700000000005000007
😭❤️,en,0,user_7827,Motivation,2025-08-31T10:00:00+00:00,7700000000005000007
you have no idea how timely this is ❤️,en,7,user_8387,Motivation,2025-08-28T04:00:00+00:00,7700000000005000007
you have no idea how timely this is,en,0,user_6195,Motivation,2025-08-29T07:00:00+00:00,7700000000005000007
💯,en,0,user_5883,Motivation,2025-08-31T03:00:00+00:00,7700000000005000007
insecurity is real,en,0,user_8228,Motivation,2025-08-30T15:00:00+00:00,7700000000005000007
felt every word,en,3,user_6674,Motivation,2025-08-31T11:00:00+00:00,7700000000005000007
love your honesty 💯,en,2,user_5299,Motivation,2025-08-31T12:00:00+00:00,7700000000005000007
you have no idea how timely this is ❤️👏,en,0,user_8846,Motivation,2025-08-29T10:00:00+00:00,7700000000005000007
camera is shaky here 🙌🔥,en,0,user_5491,Motivation,2025-08-29T09:00:00+00:00,7700000000005000007
the captions are hard to read,en,3,user_2333,Motivation,2025-08-30T18:00:00+00:00,7700000000005000007
love your honesty 👏🙌,en,1,user_3078,Motivation,2025-08-30T23:00:00+00:00,7700000000005000007
wow,en,0,user_1978,Motivation,2025-08-31T22:00:00+00:00,7700000000005000007
felt every word 😭,en,0,user_6969,Motivation,2025-08-29T18:00:00+00:00,7700000000005000007
🤩✨,en,0,user_4671,Motivation,2025-08-29T13:00:00+00:00,7700000000005000007
make a video about dealing with body shaming 😂,en,2,user_2689,Motivation,2025-08-29T12:00:00+00:00,7700000000005000007
goals 💯,en,2,user_4878,Motivation,2025-08-28T18:00:00+00:00,7700000000005000007
make a video about dealing with body shaming,en,0,user_8738,Motivation,2025-08-29T02:00:00+00:00,7700000000005000007
this made me cry,en,16,user_9253,Motivation,2025-08-29T17:00:00+00:00,7700000000005000007
needed to hear this today,en,8,user_9029,Motivation,2025-08-29T00:00:00+00:00,7700000000005000007
the captions are hard to read,en,0,user_3396,Motivation,2025-08-31T00:00:00+00:00,7700000000005000007
insecurity is real,en,5,user_1776,Motivation,2025-08-31T18:00:00+00:00,7700000000005000007
you have no idea how timely this is 🙌🤩,en,0,user_6339,Motivation,2025-09-03T08:00:00+00:00,7700000000005000008
this made me cry,en,0,user_6960,Motivation,2025-09-02T19:00:00+00:00,7700000000005000008
same,en,0,user_1445,Motivation,2025-09-04T13:00:00+00:00,7700000000005000008
❤️❤️❤️,en,3,user_3981,Motivation,2025-09-04T16:00:00+00:00,7700000000005000008
you have no idea how timely this is,en,0,user_3594,Motivation,2025-09-04T17:00:00+00:00,7700000000005000008
make a video about dealing with body shaming 🙌💯,en,0,user_2983,Motivation,2025-09-02T21:00:00+00:00,7700000000005000008
the captions are hard to read 😍😂,en,0,user_2483,Motivation,2025-09-01T09:00:00+00:00,7700000000005000008
love your honesty,en,27,user_5983,Motivation,2025-09-04T20:00:00+00:00,7700000000005000008
the captions are hard to read,en,1,user_6973,Motivation,2025-09-01T01:00:00+00:00,7700000000005000008
felt every word,en,0,user_8166,Motivation,2025-09-02T02:00:00+00:00,7700000000005000008
this made my day 💯🤩,en,0,user_4111,Motivation,2025-09-03T19:00:00+00:00,7700000000005000008
do one about comparison please,en,0,user_3105,Motivation,2025-09-01T06:00:00+00:00,7700000000005000008
🔥🔥🔥,en,0,user_8371,Motivation,2025-09-03T21:00:00+00:00,7700000000005000008
real talk,en,6,user_4676,Motivation,2025-09-01T04:00:00+00:00,7700000000005000008
real talk ✨,en,0,user_2694,Motivation,2025-09-03T10:00:00+00:00,7700000000005000008
😍😍,en,3,user_1579,Motivation,2025-09-03T14:00:00+00:00,7700000000005000008
make a video about dealing with body shaming 🙌👏,en,24,user_9452,Motivation,2025-09-03T20:00:00+00:00,7700000000005000008
make a video about dealing with body shaming 😭🙌,en,0,user_7538,Motivation,2025-09-01T16:00:00+00:00,7700000000005000008
the captions are hard to read,en,0,user_4989,Motivation,2025-09-03T13:00:00+00:00,7700000000005000008
felt every word ✨,en,3,user_8240,Motivation,2025-09-04T23:00:00+00:00,7700000000005000008
real talk,en,0,user_1640,Motivation,2025-09-03T14:00:00+00:00,7700000000005000008
talk about confidence next 😂👏,en,0,user_6613,Motivation,2025-09-01T23:00:00+00:00,7700000000005000008
felt every word,en,1,user_9624,Motivation,2025-09-03T15:00:00+00:00,7700000000005000008
lol 🔥🔥,en,0,user_5963,Motivation,2025-09-01T03:00:00+00:00,7700000000005000008
🔥🔥🔥,en,0,user_9568,Motivation,2025-09-04T03:00:00+00:00,7700000000005000008
lol 🙌🤩,en,0,user_5661,Motivation,2025-09-04T14:00:00+00:00,7700000000005000008
love your honesty,en,0,user_1689,Motivation,2025-09-01T03:00:00+00:00,7700000000005000008
real talk 🔥😂,en,0,user_1608,Motivation,2025-09-07T11:00:00+00:00,7700000000005000009
how do you stay positive,en,0,user_6706,Motivation,2025-09-07T12:00:00+00:00,7700000000005000009
this made me cry,en,0,user_7451,Motivation,2025-09-07T23:00:00+00:00,7700000000005000009
you have no idea how timely this is 😂,en,0,user_6328,Motivation,2025-09-05T04:00:00+00:00,7700000000005000009
needed to hear this today,en,0,user_4619,Motivation,2025-09-06T18:00:00+00:00,7700000000005000009
how do you stay positive,en,2,user_5458,Motivation,2025-09-05T07:00:00+00:00,7700000000005000009
you have no idea how timely this is,en,0,user_1577,Motivation,2025-09-07T11:00:00+00:00,7700000000005000009
thank you for saying this,en,0,user_9991,Motivation,2025-09-04T06:00:00+00:00,7700000000005000009
💯,en,8,user_7834,Motivation,2025-09-04T03:00:00+00:00,7700000000005000009
felt every word 🙌,en,0,user_8168,Motivation,2025-09-06T16:00:00+00:00,7700000000005000009
love your honesty 😂🤩,en,0,user_2895,Motivation,2025-09-04T07:00:00+00:00,7700000000005000009
needed to hear this today ❤️,en,2,user_7221,Motivation,2025-09-06T03:00:00+00:00,7700000000005000009
love,en,0,user_2657,Motivation,2025-09-07T06:00:00+00:00,7700000000005000009
so cool,en,0,user_3514,Motivation,2025-09-06T01:00:00+00:00,7700000000005000009
talk about confidence next ❤️😍,en,0,user_9201,Motivation,2025-09-06T00:00:00+00:00,7700000000005000009
make a video about dealing with body shaming,en,8,user_6810,Motivation,2025-09-06T10:00:00+00:00,7700000000005000009
thank you for saying this,en,0,user_1981,Motivation,2025-09-06T16:00:00+00:00,7700000000005000009
love your honesty 🙌,en,0,user_6518,Motivation,2025-09-07T09:00:00+00:00,7700000000005000009
😍😍,en,0,user_5550,Motivation,2025-09-06T16:00:00+00:00,7700000000005000009
talk about confidence next 😭😂,en,0,user_5340,Motivation,2025-09-04T23:00:00+00:00,7700000000005000009
felt every word ❤️✨,en,3,user_3350,Motivation,2025-09-05T10:00:00+00:00,7700000000005000009
🤩✨,en,1,user_4591,Motivation,2025-09-08T09:00:00+00:00,7700000000005000010
this made me cry 😂😍,en,3,user_4151,Motivation,2025-09-10T22:00:00+00:00,7700000000005000010
🔥🔥🔥,en,9,user_3699,Motivation,2025-09-09T09:00:00+00:00,7700000000005000010
love your honesty,en,0,user_8960,Motivation,2025-09-08T16:00:00+00:00,7700000000005000010
needed to hear this today 😂😂,en,0,user_3791,Motivation,2025-09-08T13:00:00+00:00,7700000000005000010
insecurity is real,en,0,user_6333,Motivation,2025-09-09T08:00:00+00:00,7700000000005000010
talk about confidence next,en,0,user_8049,Motivation,2025-09-08T22:00:00+00:00,7700000000005000010
omg 🤩😂,en,0,user_2186,Motivation,2025-09-10T21:00:00+00:00,7700000000005000010
felt every word 😂,en,1,user_8884,Motivation,2025-09-07T02:00:00+00:00,7700000000005000010
🔥🔥🔥,en,8,user_2011,Motivation,2025-09-08T20:00:00+00:00,7700000000005000010
real talk,en,0,user_8713,Motivation,2025-09-09T18:00:00+00:00,7700000000005000010
fire 🙌,en,0,user_4471,Motivation,2025-09-07T10:00:00+00:00,7700000000005000010
needed to hear this today,en,0,user_7663,Motivation,2025-09-09T15:00:00+00:00,7700000000005000010
goals 😍😭,en,2,user_5774,Motivation,2025-09-09T13:00:00+00:00,7700000000005000010
felt every word,en,1,user_5798,Motivation,2025-09-09T08:00:00+00:00,7700000000005000010
love your honesty,en,0,user_5820,Motivation,2025-09-09T02:00:00+00:00,7700000000005000010
thank you for saying this 💯,en,0,user_9011,Motivation,2025-09-10T03:00:00+00:00,7700000000005000010
love your honesty 😭❤️,en,1,user_6412,Motivation,2025-09-08T21:00:00+00:00,7700000000005000010
do one about comparison please,en,1,user_4059,Motivation,2025-09-08T06:00:00+00:00,7700000000005000010
🔥🔥🔥,en,0,user_4381,Motivation,2025-09-07T05:00:00+00:00,7700000000005000010
the music is louder than your voice ✨,en,8,user_9749,Motivation,2025-09-07T14:00:00+00:00,7700000000005000010
lol,en,3,user_2570,Motivation,2025-09-08T05:00:00+00:00,7700000000005000010
🔥🔥🔥,en,0,user_9856,Motivation,2025-09-09T18:00:00+00:00,7700000000005000010
😍😍,en,0,user_1955,Motivation,2025-09-07T02:00:00+00:00,7700000000005000010
insecurity is real,en,3,user_6986,Motivation,2025-09-07T16:00:00+00:00,7700000000005000010
this made my day 👏,en,0,user_2544,Motivation,2025-09-08T01:00:00+00:00,7700000000005000010
the captions are hard to read,en,8,user_2383,Motivation,2025-09-08T23:00:00+00:00,7700000000005000010
you have no idea how timely this is 😂❤️,en,0,user_1976,Motivation,2025-09-07T03:00:00+00:00,7700000000005000010
make a video about dealing with body shaming,en,16,user_3351,Motivation,2025-09-08T14:00:00+00:00,7700000000005000010
love your honesty,en,1,user_6519,Motivation,2025-09-08T16:00:00+00:00,7700000000005000010
real talk,en,9,user_2626,Motivation,2025-09-07T14:00:00+00:00,7700000000005000010
😭❤️,en,3,user_9133,Motivation,2025-09-09T05:00:00+00:00,7700000000005000011
same,en,4,user_1608,Motivation,2025-09-12T12:00:00+00:00,7700000000005000011
love your honesty,en,0,user_7924,Motivation,2025-09-12T01:00:00+00:00,7700000000005000011
how do you stay positive 😭,en,0,user_7411,Motivation,2025-09-11T20:00:00+00:00,7700000000005000011
real talk 😭,en,0,user_4210,Motivation,2025-09-12T00:00:00+00:00,7700000000005000011
love your honesty 💯👏,en,0,user_1164,Motivation,2025-09-09T07:00:00+00:00,7700000000005000011
real talk ✨,en,3,user_7408,Motivation,2025-09-12T06:00:00+00:00,7700000000005000011
talk about confidence next,en,3,user_5661,Motivation,2025-09-09T23:00:00+00:00,7700000000005000011
how do you stay positive,en,0,user_9575,Motivation,2025-09-11T16:00:00+00:00,7700000000005000011
real talk 😭,en,0,user_6409,Motivation,2025-09-12T20:00:00+00:00,7700000000005000011
fire 🙌😍,en,2,user_1609,Motivation,2025-09-09T23:00:00+00:00,7700000000005000011
make a video about dealing with body shaming,en,20,user_9016,Motivation,2025-09-09T15:00:00+00:00,7700000000005000011
talk about confidence next,en,0,user_6100,Motivation,2025-09-11T00:00:00+00:00,7700000000005000011
love your honesty,en,0,user_3845,Motivation,2025-09-10T23:00:00+00:00,7700000000005000011
you have no idea how timely this is 🤩😂,en,0,user_6740,Motivation,2025-09-12T23:00:00+00:00,7700000000005000011
felt every word,en,0,user_6508,Motivation,2025-09-10T23:00:00+00:00,7700000000005000011
😭❤️,en,0,user_1223,Motivation,2025-09-11T22:00:00+00:00,7700000000005000011
camera is shaky here,en,1,user_4084,Motivation,2025-09-12T23:00:00+00:00,7700000000005000011
make a video about dealing with body shaming 💯,en,3,user_9197,Motivation,2025-09-09T15:00:00+00:00,7700000000005000011
make a video about dealing with body shaming 🙌👏,en,0,user_2892,Motivation,2025-09-09T01:00:00+00:00,7700000000005000011
🔥🔥🔥,en,0,user_4275,Motivation,2025-09-09T07:00:00+00:00,7700000000005000011
talk about confidence next,en,0,user_3853,Motivation,2025-09-10T03:00:00+00:00,7700000000005000011
🤩✨,en,0,user_7352,Motivation,2025-09-11T02:00:00+00:00,7700000000005000011
🔥🔥🔥,en,0,user_4714,Motivation,2025-09-13T00:00:00+00:00,7700000000005000011
lol 😍,en,0,user_8788,Motivation,2025-09-10T06:00:00+00:00,7700000000005000011
needed to hear this today,en,0,user_6184,Motivation,2025-09-09T11:00:00+00:00,7700000000005000011
thank you for saying this 🙌,en,2,user_1472,Motivation,2025-09-11T12:00:00+00:00,7700000000005000011
yes 😭😭,en,3,user_6867,Motivation,2025-09-11T23:00:00+00:00,7700000000005000011
insecurity is real,en,0,user_8730,Motivation,2025-09-09T21:00:00+00:00,7700000000005000011
you have no idea how timely this is,en,0,user_7502,Motivation,2025-09-11T20:00:00+00:00,7700000000005000012
do one about comparison please 👏🤩,en,0,user_8303,Motivation,2025-09-13T06:00:00+00:00,7700000000005000012
talk about confidence next,en,0,user_7016,Motivation,2025-09-13T09:00:00+00:00,7700000000005000012
no way 💯,en,8,user_9080,Motivation,2025-09-13T13:00:00+00:00,7700000000005000012
felt every word ✨,en,0,user_9562,Motivation,2025-09-14T17:00:00+00:00,7700000000005000012
needed to hear this today,en,1,user_2616,Motivation,2025-09-14T08:00:00+00:00,7700000000005000012
felt every word,en,0,user_2092,Motivation,2025-09-13T14:00:00+00:00,7700000000005000012
so cool 💯👏,en,20,user_7823,Motivation,2025-09-12T10:00:00+00:00,7700000000005000012
fire,en,7,user_5320,Motivation,2025-09-13T09:00:00+00:00,7700000000005000012
this made me cry,en,0,user_6262,Motivation,2025-09-11T12:00:00+00:00,7700000000005000012
felt every word,en,0,user_8792,Motivation,2025-09-12T16:00:00+00:00,7700000000005000012
insecurity is real 🙌,en,2,user_7607,Motivation,2025-09-14T23:00:00+00:00,7700000000005000012
camera is shaky here 😍,en,2,user_4493,Motivation,2025-09-11T12:00:00+00:00,7700000000005000012
omg,en,0,user_2439,Motivation,2025-09-13T21:00:00+00:00,7700000000005000012
goals,en,0,user_7237,Motivation,2025-09-13T11:00:00+00:00,7700000000005000012
you have no idea how timely this is 🔥,en,0,user_6196,Motivation,2025-09-12T22:00:00+00:00,7700000000005000012
you have no idea how timely this is,en,2,user_3433,Motivation,2025-09-12T14:00:00+00:00,7700000000005000012
😍😍,en,5,user_5443,Motivation,2025-09-12T14:00:00+00:00,7700000000005000012
omg,en,0,user_8750,Motivation,2025-09-14T17:00:00+00:00,7700000000005000012
you have no idea how timely this is,en,0,user_9653,Motivation,2025-09-12T17:00:00+00:00,7700000000005000012
omg,en,0,user_7559,Motivation,2025-09-18T00:00:00+00:00,7700000000005000013
this made my day 🙌❤️,en,7,user_7404,Motivation,2025-09-14T08:00:00+00:00,7700000000005000013
😭❤️,en,0,user_5212,Motivation,2025-09-15T17:00:00+00:00,7700000000005000013
goals 💯❤️,en,1,user_8047,Motivation,2025-09-15T18:00:00+00:00,7700000000005000013
thank you for saying this 😭,en,14,user_4666,Motivation,2025-09-14T05:00:00+00:00,7700000000005000013
you have no idea how timely this is,en,3,user_2723,Motivation,2025-09-17T11:00:00+00:00,7700000000005000013
😭❤️,en,0,user_1745,Motivation,2025-09-17T16:00:00+00:00,7700000000005000013
camera is shaky here,en,2,user_8419,Motivation,2025-09-17T10:00:00+00:00,7700000000005000013
talk about confidence next,en,1,user_1224,Motivation,2025-09-18T00:00:00+00:00,7700000000005000013
no way,en,20,user_9002,Motivation,2025-09-15T12:00:00+00:00,7700000000005000013
insecurity is real ✨,en,3,user_8680,Motivation,2025-09-15T16:00:00+00:00,7700000000005000013
do one about comparison please 👏✨,en,2,user_4955,Motivation,2025-09-15T08:00:00+00:00,7700000000005000013
love your honesty,en,0,user_5163,Motivation,2025-09-14T10:00:00+00:00,7700000000005000013
insecurity is real,en,0,user_2893,Motivation,2025-09-14T01:00:00+00:00,7700000000005000013
do one about comparison please,en,2,user_1292,Motivation,2025-09-16T19:00:00+00:00,7700000000005000013
real talk,en,0,user_6804,Motivation,2025-09-17T23:00:00+00:00,7700000000005000013
love your honesty,en,0,user_2104,Motivation,2025-09-14T05:00:00+00:00,7700000000005000013
same,en,0,user_7499,Motivation,2025-09-16T20:00:00+00:00,7700000000005000013
real talk 🤩🔥,en,0,user_5413,Motivation,2025-09-15T03:00:00+00:00,7700000000005000013
you have no idea how timely this is 👏😂,en,3,user_9728,Motivation,2025-09-14T05:00:00+00:00,7700000000005000013
this made me cry,en,1,user_3010,Motivation,2025-09-17T23:00:00+00:00,7700000000005000013
needed to hear this today,en,0,user_3286,Motivation,2025-09-14T20:00:00+00:00,7700000000005000013
love 😍,en,0,user_9165,Motivation,2025-09-16T23:00:00+00:00,7700000000005000013
make a video about dealing with body shaming,en,0,user_8027,Motivation,2025-09-14T18:00:00+00:00,7700000000005000013
love,en,1,user_3358,Motivation,2025-09-16T12:00:00+00:00,7700000000005000014
do one about comparison please 😂😍,en,3,user_6071,Motivation,2025-09-17T02:00:00+00:00,7700000000005000014
so cool 👏😂,en,0,user_7055,Motivation,2025-09-19T21:00:00+00:00,7700000000005000014
needed to hear this today,en,1,user_6609,Motivation,2025-09-19T12:00:00+00:00,7700000000005000014
felt every word,en,0,user_6406,Motivation,2025-09-16T07:00:00+00:00,7700000000005000014
this made me cry,en,0,user_6880,Motivation,2025-09-17T05:00:00+00:00,7700000000005000014
love your honesty,en,3,user_4665,Motivation,2025-09-19T17:00:00+00:00,7700000000005000014
make a video about dealing with body shaming,en,0,user_6705,Motivation,2025-09-18T03:00:00+00:00,7700000000005000014
👏👏,en,1,user_7918,Motivation,2025-09-18T11:00:00+00:00,7700000000005000014
needed to hear this today 🔥,en,0,user_2670,Motivation,2025-09-19T16:00:00+00:00,7700000000005000014
needed to hear this today 🔥,en,0,user_6376,Motivation,2025-09-19T13:00:00+00:00,7700000000005000014
talk about confidence next 😭👏,en,20,user_2697,Motivation,2025-09-17T01:00:00+00:00,7700000000005000014
same 🤩,en,0,user_5084,Motivation,2025-09-16T22:00:00+00:00,7700000000005000014
love your honesty ❤️😂,en,0,user_8864,Motivation,2025-09-18T20:00:00+00:00,7700000000005000014
felt every word,en,0,user_9506,Motivation,2025-09-16T02:00:00+00:00,7700000000005000014
video is too short make it longer 😭,en,8,user_4044,Motivation,2025-09-17T03:00:00+00:00,7700000000005000014
talk about confidence next,en,3,user_4426,Motivation,2025-09-16T18:00:00+00:00,7700000000005000014
lol,en,0,user_8358,Motivation,2025-09-18T10:00:00+00:00,7700000000005000014
make a video about dealing with body shaming,en,0,user_5559,Motivation,2025-09-18T22:00:00+00:00,7700000000005000014
make a video about dealing with body shaming,en,0,user_4422,Motivation,2025-09-19T12:00:00+00:00,7700000000005000014
so cool,en,0,user_6016,Motivation,2025-09-18T10:00:00+00:00,7700000000005000014
talk about confidence next,en,0,user_1249,Motivation,2025-09-17T23:00:00+00:00,7700000000005000014
make a video about dealing with body shaming,en,0,user_9318,Motivation,2025-09-16T02:00:00+00:00,7700000000005000014
fire,en,0,user_2656,Motivation,2025-09-18T19:00:00+00:00,7700000000005000014
👏👏,en,0,user_3935,Motivation,2025-09-19T14:00:00+00:00,7700000000005000014
insecurity is real,en,0,user_3232,Motivation,2025-09-19T01:00:00+00:00,7700000000005000014
thank you for saying this,en,0,user_3719,Motivation,2025-09-19T22:00:00+00:00,7700000000005000014
felt every word 🤩,en,0,user_5829,Motivation,2025-09-17T20:00:00+00:00,7700000000005000014
what song is this,en,0,user_7579,Engagement / Growth,2025-09-18T03:00:00+00:00,7700000000005000015
you ate this 💯,en,1,user_6445,Engagement / Growth,2025-09-19T04:00:00+00:00,7700000000005000015
the energy tho,en,0,user_2869,Engagement / Growth,2025-09-19T20:00:00+00:00,7700000000005000015
wow 🙌🤩,en,0,user_4521,Engagement / Growth,2025-09-19T01:00:00+00:00,7700000000005000015
you ate this 😂,en,0,user_1833,Engagement / Growth,2025-09-20T15:00:00+00:00,7700000000005000015
what song is this,en,0,user_3357,Engagement / Growth,2025-09-18T02:00:00+00:00,7700000000005000015
what song is this,en,1,user_5891,Engagement / Growth,2025-09-18T13:00:00+00:00,7700000000005000015
so smooth 😂🤩,en,0,user_7956,Engagement / Growth,2025-09-20T08:00:00+00:00,7700000000005000015
the energy tho ✨,en,7,user_2960,Engagement / Growth,2025-09-19T19:00:00+00:00,7700000000005000015
❤️❤️❤️,en,12,user_6662,Engagement / Growth,2025-09-18T17:00:00+00:00,7700000000005000015
the energy tho,en,0,user_6256,Engagement / Growth,2025-09-20T14:00:00+00:00,7700000000005000015
the energy tho,en,2,user_9840,Engagement / Growth,2025-09-18T02:00:00+00:00,7700000000005000015
no way,en,25,user_9824,Engagement / Growth,2025-09-22T00:00:00+00:00,7700000000005000015
naija to the world 🤩🤩,en,9,user_6338,Engagement / Growth,2025-09-21T05:00:00+00:00,7700000000005000016
the captions are hard to read 🔥,en,3,user_9166,Engagement / Growth,2025-09-23T06:00:00+00:00,7700000000005000016
you ate this 🔥,en,10,user_2285,Engagement / Growth,2025-09-22T17:00:00+00:00,7700000000005000016
naija to the world,en,0,user_7350,Engagement / Growth,2025-09-22T15:00:00+00:00,7700000000005000016
the music is louder than your voice 💯❤️,en,0,user_6068,Engagement / Growth,2025-09-24T09:00:00+00:00,7700000000005000016
wow 🔥❤️,en,0,user_6878,Engagement / Growth,2025-09-23T19:00:00+00:00,7700000000005000016
so smooth,en,0,user_9773,Engagement / Growth,2025-09-22T09:00:00+00:00,7700000000005000016
what song is this,en,0,user_3326,Engagement / Growth,2025-09-23T09:00:00+00:00,7700000000005000016
teach me this dance 🔥🤩,en,0,user_8708,Engagement / Growth,2025-09-22T13:00:00+00:00,7700000000005000016
teach me this dance 😍,en,10,user_7292,Engagement / Growth,2025-09-24T06:00:00+00:00,7700000000005000016
this made my day ✨,en,0,user_1368,Engagement / Growth,2025-09-22T22:00:00+00:00,7700000000005000016
naija to the world 🙌😭,en,3,user_7345,Engagement / Growth,2025-09-24T10:00:00+00:00,7700000000005000017
the energy tho,en,1,user_3560,Engagement / Growth,2025-09-25T01:00:00+00:00,7700000000005000017
🤩✨,en,0,user_8730,Engagement / Growth,2025-09-27T18:00:00+00:00,7700000000005000017
obsessed,en,0,user_9354,Engagement / Growth,2025-09-24T08:00:00+00:00,7700000000005000017
naija to the world,en,0,user_6987,Engagement / Growth,2025-09-25T09:00:00+00:00,7700000000005000017
you ate this 🔥🙌,en,0,user_9331,Engagement / Growth,2025-09-27T11:00:00+00:00,7700000000005000017
you ate this,en,2,user_5571,Engagement / Growth,2025-09-24T09:00:00+00:00,7700000000005000017
you ate this,en,0,user_6318,Engagement / Growth,2025-09-26T16:00:00+00:00,7700000000005000017
so cool,en,0,user_9687,Engagement / Growth,2025-09-27T02:00:00+00:00,7700000000005000017
the energy tho,en,0,user_6071,Engagement / Growth,2025-09-27T02:00:00+00:00,7700000000005000017
what song is this,en,0,user_3534,Engagement / Growth,2025-09-26T02:00:00+00:00,7700000000005000017
so smooth,en,2,user_4996,Engagement / Growth,2025-09-27T11:00:00+00:00,7700000000005000017
what song is this,en,0,user_8700,Engagement / Growth,2025-09-26T14:00:00+00:00,7700000000005000017
the audio is a bit low on this one 😂✨,en,0,user_9814,Engagement / Growth,2025-09-25T03:00:00+00:00,7700000000005000017
same,en,0,user_6023,Engagement / Growth,2025-09-26T11:00:00+00:00,7700000000005000017
what song is this,en,2,user_1939,Engagement / Growth,2025-09-26T09:00:00+00:00,7700000000005000017
what song is this 😍,en,0,user_9130,Engagement / Growth,2025-09-26T21:00:00+00:00,7700000000005000018
naija to the world,en,6,user_2913,Engagement / Growth,2025-09-26T02:00:00+00:00,7700000000005000018
so smooth,en,0,user_7810,Engagement / Growth,2025-09-26T04:00:00+00:00,7700000000005000018
obsessed,en,2,user_8885,Engagement / Growth,2025-09-28T15:00:00+00:00,7700000000005000018
this made my day,en,2,user_1907,Engagement / Growth,2025-09-26T15:00:00+00:00,7700000000005000018
the energy tho,en,0,user_5621,Engagement / Growth,2025-09-26T18:00:00+00:00,7700000000005000018
the energy tho,en,3,user_9818,Engagement / Growth,2025-09-27T09:00:00+00:00,7700000000005000018
the captions are hard to read 🤩❤️,en,0,user_5376,Engagement / Growth,2025-09-27T18:00:00+00:00,7700000000005000018
naija to the world 💯🙌,en,0,user_7717,Engagement / Growth,2025-09-30T00:00:00+00:00,7700000000005000018
no way,en,11,user_6471,Engagement / Growth,2025-09-27T03:00:00+00:00,7700000000005000018
naija to the world,en,3,user_8361,Engagement / Growth,2025-09-26T04:00:00+00:00,7700000000005000018
camera is shaky here 😭,en,0,user_9315,Engagement / Growth,2025-09-26T21:00:00+00:00,7700000000005000018
so smooth,en,0,user_7713,Engagement / Growth,2025-09-29T21:00:00+00:00,7700000000005000019
the energy tho,en,0,user_8613,Engagement / Growth,2025-10-01T07:00:00+00:00,7700000000005000019
naija to the world 🙌,en,2,user_4220,Engagement / Growth,2025-10-01T08:00:00+00:00,7700000000005000019
teach me this dance,en,2,user_2681,Engagement / Growth,2025-10-02T17:00:00+00:00,7700000000005000019
what song is this,en,3,user_9609,Engagement / Growth,2025-10-01T08:00:00+00:00,7700000000005000019
😭❤️,en,0,user_5717,Engagement / Growth,2025-09-30T09:00:00+00:00,7700000000005000019
the energy tho,en,7,user_6466,Engagement / Growth,2025-10-02T01:00:00+00:00,7700000000005000019
so smooth,en,0,user_3882,Engagement / Growth,2025-09-29T03:00:00+00:00,7700000000005000019
🔥🔥🔥,en,2,user_7997,Engagement / Growth,2025-09-30T21:00:00+00:00,7700000000005000019
the audio is a bit low on this one,en,0,user_4410,Engagement / Growth,2025-10-02T07:00:00+00:00,7700000000005000019
the audio is a bit low on this one 😍,en,3,user_6044,Engagement / Growth,2025-09-29T07:00:00+00:00,7700000000005000019
you ate this ❤️😍,en,29,user_3876,Engagement / Growth,2025-10-02T23:00:00+00:00,7700000000005000019
the energy tho,en,0,user_7215,Engagement / Growth,2025-09-30T12:00:00+00:00,7700000000005000019
naija to the world,en,1,user_3859,Engagement / Growth,2025-10-02T15:00:00+00:00,7700000000005000019
so smooth,en,0,user_2116,Engagement / Growth,2025-10-02T02:00:00+00:00,7700000000005000019
so smooth,en,6,user_8121,Engagement / Growth,2025-09-29T14:00:00+00:00,7700000000005000019
you ate this,en,4,user_7020,Engagement / Growth,2025-10-03T04:00:00+00:00,7700000000005000020
so smooth,en,2,user_3526,Engagement / Growth,2025-10-06T06:00:00+00:00,7700000000005000020
naija to the world,en,0,user_4404,Engagement / Growth,2025-10-04T04:00:00+00:00,7700000000005000020
the captions are hard to read,en,0,user_5913,Engagement / Growth,2025-10-06T21:00:00+00:00,7700000000005000020
😭❤️,en,0,user_6316,Engagement / Growth,2025-10-05T02:00:00+00:00,7700000000005000020
the energy tho,en,2,user_8780,Engagement / Growth,2025-10-03T07:00:00+00:00,7700000000005000020
the energy tho,en,0,user_2222,Engagement / Growth,2025-10-03T18:00:00+00:00,7700000000005000020
wow,en,0,user_4241,Engagement / Growth,2025-10-05T04:00:00+00:00,7700000000005000020
teach me this dance 🙌💯,en,0,user_8632,Engagement / Growth,2025-10-03T21:00:00+00:00,7700000000005000020
what song is this,en,0,user_4941,Engagement / Growth,2025-10-03T19:00:00+00:00,7700000000005000020
naija to the world,en,0,user_3809,Engagement / Growth,2025-10-06T22:00:00+00:00,7700000000005000020
the music is louder than your voice,en,1,user_5826,Engagement / Growth,2025-10-07T09:00:00+00:00,7700000000005000021
teach me this dance,en,10,user_7240,Engagement / Growth,2025-10-06T03:00:00+00:00,7700000000005000021
obsessed 😭🔥,en,0,user_3305,Engagement / Growth,2025-10-07T17:00:00+00:00,7700000000005000021
what song is this 😭,en,0,user_2131,Engagement / Growth,2025-10-06T03:00:00+00:00,7700000000005000021
naija to the world 😭,en,16,user_7919,Engagement / Growth,2025-10-06T18:00:00+00:00,7700000000005000021
teach me this dance ❤️✨,en,0,user_4432,Engagement / Growth,2025-10-07T23:00:00+00:00,7700000000005000021
omg,en,0,user_2864,Engagement / Growth,2025-10-08T00:00:00+00:00,7700000000005000021
what song is this,en,0,user_4690,Engagement / Growth,2025-10-09T21:00:00+00:00,7700000000005000021
so smooth 💯,en,3,user_8555,Engagement / Growth,2025-10-06T12:00:00+00:00,7700000000005000021
the energy tho,en,0,user_7796,Engagement / Growth,2025-10-07T12:00:00+00:00,7700000000005000021
you ate this 💯,en,2,user_4491,Engagement / Growth,2025-10-06T04:00:00+00:00,7700000000005000021
😭❤️,en,3,user_1725,Engagement / Growth,2025-10-08T11:00:00+00:00,7700000000005000021
the energy tho 👏😭,en,0,user_3589,Engagement / Growth,2025-10-06T11:00:00+00:00,7700000000005000021
👏👏,en,0,user_5422,Engagement / Growth,2025-10-10T06:00:00+00:00,7700000000005000022
so smooth 😂🤩,en,0,user_6593,Engagement / Growth,2025-10-11T17:00:00+00:00,7700000000005000022
naija to the world,en,0,user_1506,Engagement / Growth,2025-10-10T22:00:00+00:00,7700000000005000022
naija to the world 💯🤩,en,3,user_6373,Engagement / Growth,2025-10-08T05:00:00+00:00,7700000000005000022
so smooth 😭,en,1,user_5489,Engagement / Growth,2025-10-11T07:00:00+00:00,7700000000005000022
so smooth,en,2,user_9231,Engagement / Growth,2025-10-10T16:00:00+00:00,7700000000005000022
what song is this,en,0,user_5478,Engagement / Growth,2025-10-09T19:00:00+00:00,7700000000005000022
🔥🔥🔥,en,10,user_1932,Engagement / Growth,2025-10-08T22:00:00+00:00,7700000000005000022
naija to the world,en,2,user_2796,Engagement / Growth,2025-10-10T02:00:00+00:00,7700000000005000022
naija to the world,en,9,user_9490,Engagement / Growth,2025-10-11T22:00:00+00:00,7700000000005000022
the energy tho,en,0,user_1345,Engagement / Growth,2025-10-13T00:00:00+00:00,7700000000005000023
naija to the world,en,0,user_3791,Engagement / Growth,2025-10-10T10:00:00+00:00,7700000000005000023
the music is louder than your voice,en,12,user_5303,Engagement / Growth,2025-10-12T04:00:00+00:00,7700000000005000023
the energy tho,en,6,user_3251,Engagement / Growth,2025-10-11T11:00:00+00:00,7700000000005000023
naija to the world,en,2,user_1307,Engagement / Growth,2025-10-13T08:00:00+00:00,7700000000005000023
naija to the world,en,0,user_3029,Engagement / Growth,2025-10-12T20:00:00+00:00,7700000000005000023
what song is this,en,7,user_9353,Engagement / Growth,2025-10-11T06:00:00+00:00,7700000000005000023
so smooth ❤️,en,0,user_9272,Engagement / Growth,2025-10-11T09:00:00+00:00,7700000000005000023
teach me this dance,en,0,user_9830,Engagement / Growth,2025-10-10T15:00:00+00:00,7700000000005000023
teach me this dance 🤩,en,0,user_6897,Engagement / Growth,2025-10-10T11:00:00+00:00,7700000000005000023
video is too short make it longer,en,2,user_7413,Engagement / Growth,2025-10-13T02:00:00+00:00,7700000000005000023
the energy tho 😂,en,2,user_1618,Engagement / Growth,2025-10-12T05:00:00+00:00,7700000000005000023
teach me this dance,en,0,user_1097,Engagement / Growth,2025-10-16T11:00:00+00:00,7700000000005000024
so smooth,en,0,user_5652,Engagement / Growth,2025-10-14T01:00:00+00:00,7700000000005000024
what song is this 🤩😭,en,0,user_8010,Engagement / Growth,2025-10-16T00:00:00+00:00,7700000000005000024
omg,en,0,user_3897,Engagement / Growth,2025-10-16T15:00:00+00:00,7700000000005000024
naija to the world,en,0,user_4363,Engagement / Growth,2025-10-16T23:00:00+00:00,7700000000005000024
you ate this 😭,en,0,user_6956,Engagement / Growth,2025-10-14T02:00:00+00:00,7700000000005000024
video is too short make it longer 🤩❤️,en,3,user_2675,Engagement / Growth,2025-10-17T08:00:00+00:00,7700000000005000024
the energy tho 😂🙌,en,2,user_9739,Engagement / Growth,2025-10-14T22:00:00+00:00,7700000000005000024
love,en,0,user_7635,Engagement / Growth,2025-10-16T22:00:00+00:00,7700000000005000024
fire,en,3,user_9842,Engagement / Growth,2025-10-14T17:00:00+00:00,7700000000005000024
😭❤️,en,1,user_2144,Engagement / Growth,2025-10-14T05:00:00+00:00,7700000000005000024
you ate this,en,2,user_4947,Engagement / Growth,2025-10-16T04:00:00+00:00,7700000000005000024
this made my day,en,3,user_2730,Engagement / Growth,2025-10-16T11:00:00+00:00,7700000000005000024
❤️❤️❤️,en,10,user_2259,Engagement / Growth,2025-10-15T17:00:00+00:00,7700000000005000024
you ate this,en,0,user_6688,Engagement / Growth,2025-10-16T08:00:00+00:00,7700000000005000024
you ate this,en,15,user_6894,Engagement / Growth,2025-10-16T22:00:00+00:00,7700000000005000024
you ate this ✨😂,en,11,user_7344,Engagement / Growth,2025-10-16T08:00:00+00:00,7700000000005000025
❤️❤️❤️,en,0,user_8587,Engagement / Growth,2025-10-19T07:00:00+00:00,7700000000005000025
so smooth,en,3,user_4278,Engagement / Growth,2025-10-17T03:00:00+00:00,7700000000005000025
the energy tho,en,11,user_8160,Engagement / Growth,2025-10-19T10:00:00+00:00,7700000000005000025
what song is this,en,18,user_4791,Engagement / Growth,2025-10-18T02:00:00+00:00,7700000000005000025
naija to the world,en,0,user_6131,Engagement / Growth,2025-10-16T04:00:00+00:00,7700000000005000025
the energy tho,en,3,user_9134,Engagement / Growth,2025-10-19T12:00:00+00:00,7700000000005000025
teach me this dance,en,1,user_5663,Engagement / Growth,2025-10-16T05:00:00+00:00,7700000000005000025
the music is louder than your voice,en,2,user_4974,Engagement / Growth,2025-10-17T13:00:00+00:00,7700000000005000025
yes 😍,en,0,user_5307,Engagement / Growth,2025-10-16T08:00:00+00:00,7700000000005000025
fire ✨,en,1,user_2937,Engagement / Growth,2025-10-18T00:00:00+00:00,7700000000005000025
💯,en,0,user_1003,Engagement / Growth,2025-10-21T14:00:00+00:00,7700000000005000026
what song is this 😍😍,en,0,user_1043,Engagement / Growth,2025-10-21T22:00:00+00:00,7700000000005000026
no way ✨,en,0,user_9785,Engagement / Growth,2025-10-21T09:00:00+00:00,7700000000005000026
this made my day,en,0,user_6398,Engagement / Growth,2025-10-20T23:00:00+00:00,7700000000005000026
omg 👏😭,en,2,user_1220,Engagement / Growth,2025-10-19T21:00:00+00:00,7700000000005000026
teach me this dance,en,3,user_2972,Engagement / Growth,2025-10-22T21:00:00+00:00,7700000000005000026
the energy tho,en,0,user_2516,Engagement / Growth,2025-10-21T20:00:00+00:00,7700000000005000026
yes,en,4,user_9070,Engagement / Growth,2025-10-20T14:00:00+00:00,7700000000005000026
the energy tho,en,2,user_2109,Engagement / Growth,2025-10-20T10:00:00+00:00,7700000000005000026
teach me this dance 😭,en,1,user_7269,Engagement / Growth,2025-10-20T19:00:00+00:00,7700000000005000026
naija to the world,en,0,user_4327,Engagement / Growth,2025-10-22T00:00:00+00:00,7700000000005000026
you ate this,en,0,user_4336,Engagement / Growth,2025-10-19T06:00:00+00:00,7700000000005000026
teach me this dance ❤️,en,0,user_5867,Engagement / Growth,2025-10-21T06:00:00+00:00,7700000000005000027
no way,en,3,user_4634,Engagement / Growth,2025-10-24T07:00:00+00:00,7700000000005000027
what song is this,en,0,user_4400,Engagement / Growth,2025-10-23T08:00:00+00:00,7700000000005000027
teach me this dance 🤩🤩,en,3,user_5586,Engagement / Growth,2025-10-23T07:00:00+00:00,7700000000005000027
the energy tho,en,3,user_6236,Engagement / Growth,2025-10-23T00:00:00+00:00,7700000000005000027
so smooth,en,1,user_9750,Engagement / Growth,2025-10-21T14:00:00+00:00,7700000000005000027
so smooth,en,1,user_1759,Engagement / Growth,2025-10-23T10:00:00+00:00,7700000000005000027
so cool ❤️,en,0,user_9489,Engagement / Growth,2025-10-21T17:00:00+00:00,7700000000005000027
you ate this 🔥😍,en,0,user_3515,Engagement / Growth,2025-10-23T20:00:00+00:00,7700000000005000027
yes ❤️😂,en,7,user_8024,Engagement / Growth,2025-10-23T16:00:00+00:00,7700000000005000027
teach me this dance,en,2,user_1701,Engagement / Growth,2025-10-23T18:00:00+00:00,7700000000005000027
no way,en,0,user_7856,Engagement / Growth,2025-10-24T23:00:00+00:00,7700000000005000027
👏👏,en,0,user_4361,Engagement / Growth,2025-10-23T07:00:00+00:00,7700000000005000027
wow,en,0,user_9880,Engagement / Growth,2025-10-26T02:00:00+00:00,7700000000005000028
what song is this ✨👏,en,5,user_2709,Engagement / Growth,2025-10-25T22:00:00+00:00,7700000000005000028
so smooth,en,0,user_9640,Engagement / Growth,2025-10-25T01:00:00+00:00,7700000000005000028
omg,en,0,user_7344,Engagement / Growth,2025-10-28T16:00:00+00:00,7700000000005000028
🔥🔥🔥,en,8,user_9578,Engagement / Growth,2025-10-25T02:00:00+00:00,7700000000005000028
you ate this,en,0,user_3677,Engagement / Growth,2025-10-25T09:00:00+00:00,7700000000005000028
so cool,en,0,user_1380,Engagement / Growth,2025-10-27T00:00:00+00:00,7700000000005000028
the energy tho,en,0,user_3568,Engagement / Growth,2025-10-27T07:00:00+00:00,7700000000005000028
what song is this,en,0,user_4554,Engagement / Growth,2025-10-28T09:00:00+00:00,7700000000005000028
wow,en,0,user_1071,Engagement / Growth,2025-10-25T16:00:00+00:00,7700000000005000028
naija to the world,en,0,user_9695,Engagement / Growth,2025-10-28T08:00:00+00:00,7700000000005000028
😍😍,en,6,user_9834,Engagement / Growth,2025-10-29T08:00:00+00:00,7700000000005000029
so smooth,en,2,user_1981,Engagement / Growth,2025-10-30T01:00:00+00:00,7700000000005000029
omg,en,0,user_1484,Engagement / Growth,2025-10-29T00:00:00+00:00,7700000000005000029
so smooth 🤩🙌,en,0,user_5975,Engagement / Growth,2025-10-30T07:00:00+00:00,7700000000005000029
so smooth,en,0,user_4467,Engagement / Growth,2025-10-29T05:00:00+00:00,7700000000005000029
naija to the world,en,2,user_2751,Engagement / Growth,2025-10-30T09:00:00+00:00,7700000000005000029
what song is this ✨,en,26,user_9855,Engagement / Growth,2025-10-28T17:00:00+00:00,7700000000005000029
❤️❤️❤️,en,0,user_2275,Engagement / Growth,2025-10-31T10:00:00+00:00,7700000000005000029
the energy tho,en,2,user_3253,Engagement / Growth,2025-10-29T13:00:00+00:00,7700000000005000029
the music is louder than your voice ❤️😂,en,0,user_9923,Engagement / Growth,2025-10-29T11:00:00+00:00,7700000000005000029
teach me this dance,en,7,user_7692,Engagement / Growth,2025-10-28T21:00:00+00:00,7700000000005000029
👏👏,en,0,user_1229,Engagement / Growth,2025-10-30T08:00:00+00:00,7700000000005000029
so smooth 💯,en,0,user_8356,Engagement / Growth,2025-10-30T09:00:00+00:00,7700000000005000029
what song is this 👏✨,en,0,user_3051,Engagement / Growth,2025-10-29T14:00:00+00:00,7700000000005000029
so smooth,en,0,user_3927,Engagement / Growth,2025-10-31T19:00:00+00:00,7700000000005000030
so smooth 😭❤️,en,0,user_1384,Engagement / Growth,2025-11-02T02:00:00+00:00,7700000000005000030
what song is this 😭,en,5,user_7670,Engagement / Growth,2025-10-30T13:00:00+00:00,7700000000005000030
you ate this,en,1,user_9788,Engagement / Growth,2025-11-02T14:00:00+00:00,7700000000005000030
so smooth 🙌❤️,en,3,user_7902,Engagement / Growth,2025-11-02T14:00:00+00:00,7700000000005000030
so smooth,en,0,user_6904,Engagement / Growth,2025-10-31T00:00:00+00:00,7700000000005000030
what song is this,en,0,user_6114,Engagement / Growth,2025-11-01T04:00:00+00:00,7700000000005000030
the audio is a bit low on this one,en,3,user_3636,Engagement / Growth,2025-10-31T02:00:00+00:00,7700000000005000030
goals,en,0,user_7533,Engagement / Growth,2025-11-01T05:00:00+00:00,7700000000005000030
omg 😭❤️,en,0,user_1595,Engagement / Growth,2025-10-30T05:00:00+00:00,7700000000005000030
the energy tho 👏,en,4,user_1769,Engagement / Growth,2025-11-02T03:00:00+00:00,7700000000005000030
🔥🔥🔥,en,0,user_6293,Engagement / Growth,2025-11-02T05:00:00+00:00,7700000000005000030
👏👏,en,10,user_7555,Engagement / Growth,2025-11-01T07:00:00+00:00,7700000000005000031
so smooth,en,9,user_3560,Engagement / Growth,2025-11-01T17:00:00+00:00,7700000000005000031
naija to the world ✨,en,3,user_9297,Engagement / Growth,2025-11-01T01:00:00+00:00,7700000000005000031
you ate this 😍,en,0,user_7501,Engagement / Growth,2025-11-03T11:00:00+00:00,7700000000005000031
so smooth,en,0,user_8330,Engagement / Growth,2025-11-03T00:00:00+00:00,7700000000005000031
so smooth,en,0,user_2932,Engagement / Growth,2025-11-01T08:00:00+00:00,7700000000005000031
so cool ✨,en,24,user_5419,Engagement / Growth,2025-11-03T16:00:00+00:00,7700000000005000031
❤️❤️❤️,en,19,user_5017,Engagement / Growth,2025-11-01T23:00:00+00:00,7700000000005000031
naija to the world,en,0,user_3296,Engagement / Growth,2025-11-02T16:00:00+00:00,7700000000005000031
naija to the world 🤩❤️,en,9,user_5315,Engagement / Growth,2025-11-03T08:00:00+00:00,7700000000005000031
naija to the world ✨👏,en,7,user_6184,Engagement / Growth,2025-11-08T18:00:00+00:00,7700000000005000032
you ate this 🙌,en,5,user_9673,Engagement / Growth,2025-11-08T01:00:00+00:00,7700000000005000032
you ate this,en,0,user_2621,Engagement / Growth,2025-11-08T23:00:00+00:00,7700000000005000032
naija to the world,en,0,user_5032,Engagement / Growth,2025-11-07T04:00:00+00:00,7700000000005000032
you ate this,en,0,user_5575,Engagement / Growth,2025-11-08T09:00:00+00:00,7700000000005000032
naija to the world 👏,en,0,user_8480,Engagement / Growth,2025-11-06T14:00:00+00:00,7700000000005000032
what song is this,en,3,user_1881,Engagement / Growth,2025-11-07T20:00:00+00:00,7700000000005000032
so smooth,en,0,user_7444,Engagement / Growth,2025-11-06T14:00:00+00:00,7700000000005000032
😭❤️,en,0,user_9354,Engagement / Growth,2025-11-08T21:00:00+00:00,7700000000005000032
naija to the world 😭,en,3,user_2220,Engagement / Growth,2025-11-06T04:00:00+00:00,7700000000005000032
🤩✨,en,0,user_5777,Engagement / Growth,2025-11-05T03:00:00+00:00,7700000000005000032
you ate this,en,0,user_7213,Engagement / Growth,2025-11-06T14:00:00+00:00,7700000000005000032
so smooth,en,0,user_3948,Engagement / Growth,2025-11-08T22:00:00+00:00,7700000000005000033
the energy tho 😭👏,en,0,user_9663,Engagement / Growth,2025-11-08T13:00:00+00:00,7700000000005000033
so cool,en,0,user_7207,Engagement / Growth,2025-11-11T00:00:00+00:00,7700000000005000033
you ate this,en,0,user_4351,Engagement / Growth,2025-11-08T21:00:00+00:00,7700000000005000033
❤️❤️❤️,en,3,user_1329,Engagement / Growth,2025-11-08T10:00:00+00:00,7700000000005000033
you ate this 👏,en,2,user_4910,Engagement / Growth,2025-11-09T06:00:00+00:00,7700000000005000033
naija to the world,en,3,user_8742,Engagement / Growth,2025-11-08T18:00:00+00:00,7700000000005000033
the energy tho 🔥,en,0,user_2169,Engagement / Growth,2025-11-08T03:00:00+00:00,7700000000005000033
teach me this dance ✨,en,0,user_9122,Engagement / Growth,2025-11-08T00:00:00+00:00,7700000000005000033
you ate this,en,2,user_1849,Engagement / Growth,2025-11-09T23:00:00+00:00,7700000000005000033
yes,en,3,user_1327,Engagement / Growth,2025-11-09T15:00:00+00:00,7700000000005000033
teach me this dance,en,0,user_8270,Engagement / Growth,2025-11-10T10:00:00+00:00,7700000000005000033
so cool,en,5,user_3129,Engagement / Growth,2025-11-09T04:00:00+00:00,7700000000005000033
😭❤️,en,0,user_9411,Engagement / Growth,2025-11-12T20:00:00+00:00,7700000000005000034
you ate this,en,7,user_9104,Engagement / Growth,2025-11-13T08:00:00+00:00,7700000000005000034
teach me this dance,en,1,user_7370,Engagement / Growth,2025-11-13T13:00:00+00:00,7700000000005000034
naija to the world,en,0,user_9934,Engagement / Growth,2025-11-13T01:00:00+00:00,7700000000005000034
👏👏,en,7,user_3516,Engagement / Growth,2025-11-13T15:00:00+00:00,7700000000005000034
same,en,0,user_7871,Engagement / Growth,2025-11-12T20:00:00+00:00,7700000000005000034
🤩✨,en,0,user_8891,Engagement / Growth,2025-11-11T22:00:00+00:00,7700000000005000034
what song is this,en,0,user_6431,Engagement / Growth,2025-11-11T13:00:00+00:00,7700000000005000034
fire 👏💯,en,0,user_4492,Engagement / Growth,2025-11-13T23:00:00+00:00,7700000000005000034
what song is this 😂🙌,en,0,user_2552,Engagement / Growth,2025-11-13T11:00:00+00:00,7700000000005000034
teach me this dance 😂,en,1,user_9170,Engagement / Growth,2025-11-12T12:00:00+00:00,7700000000005000034
what song is this,en,3,user_8603,Engagement / Growth,2025-11-12T20:00:00+00:00,7700000000005000034
naija to the world 🤩,en,0,user_1875,Engagement / Growth,2025-11-10T08:00:00+00:00,7700000000005000034
you ate this ✨,en,0,user_9125,Engagement / Growth,2025-11-13T12:00:00+00:00,7700000000005000034
the harmony is heavenly,en,7,user_5701,Lifestyle & Vlog,2025-11-16T12:00:00+00:00,7700000000005000035
the choir part wow,en,0,user_9447,Lifestyle & Vlog,2025-11-17T15:00:00+00:00,7700000000005000035
this blessed me 💯,en,0,user_5262,Lifestyle & Vlog,2025-11-17T15:00:00+00:00,7700000000005000035
the harmony is heavenly,en,0,user_6327,Lifestyle & Vlog,2025-11-15T03:00:00+00:00,7700000000005000035
your voice tho ❤️🙌,en,1,user_7153,Lifestyle & Vlog,2025-11-16T10:00:00+00:00,7700000000005000035
🤩✨,en,23,user_3880,Lifestyle & Vlog,2025-11-17T13:00:00+00:00,7700000000005000035
fire,en,0,user_3311,Lifestyle & Vlog,2025-11-17T10:00:00+00:00,7700000000005000035
sing the full song please,en,0,user_4744,Lifestyle & Vlog,2025-11-16T16:00:00+00:00,7700000000005000035
this blessed me 🔥🙌,en,5,user_6727,Lifestyle & Vlog,2025-11-17T14:00:00+00:00,7700000000005000035
the choir part wow 😭,en,0,user_5487,Lifestyle & Vlog,2025-11-19T12:00:00+00:00,7700000000005000036
this blessed me,en,13,user_7687,Lifestyle & Vlog,2025-11-17T12:00:00+00:00,7700000000005000036
the choir part wow,en,21,user_1894,Lifestyle & Vlog,2025-11-18T04:00:00+00:00,7700000000005000036
so cool,en,1,user_4037,Lifestyle & Vlog,2025-11-19T20:00:00+00:00,7700000000005000036
this blessed me,en,2,user_7064,Lifestyle & Vlog,2025-11-18T03:00:00+00:00,7700000000005000036
😭❤️,en,0,user_5929,Lifestyle & Vlog,2025-11-22T21:00:00+00:00,7700000000005000037
this blessed me 🙌💯,en,1,user_4953,Lifestyle & Vlog,2025-11-19T11:00:00+00:00,7700000000005000037
obsessed,en,0,user_4044,Lifestyle & Vlog,2025-11-20T08:00:00+00:00,7700000000005000037
do a vocal cover next,en,10,user_2600,Lifestyle & Vlog,2025-11-19T16:00:00+00:00,7700000000005000037
this blessed me ❤️😂,en,0,user_4339,Lifestyle & Vlog,2025-11-21T01:00:00+00:00,7700000000005000037
yes,en,1,user_7846,Lifestyle & Vlog,2025-11-20T14:00:00+00:00,7700000000005000037
sing the full song please,en,4,user_8075,Lifestyle & Vlog,2025-11-23T15:00:00+00:00,7700000000005000038
wow 🔥👏,en,0,user_2959,Lifestyle & Vlog,2025-11-25T03:00:00+00:00,7700000000005000038
the choir part wow,en,0,user_4321,Lifestyle & Vlog,2025-11-25T11:00:00+00:00,7700000000005000038
this blessed me,en,0,user_7344,Lifestyle & Vlog,2025-11-23T14:00:00+00:00,7700000000005000038
❤️❤️❤️,en,0,user_7884,Lifestyle & Vlog,2025-11-26T15:00:00+00:00,7700000000005000038
the harmony is heavenly,en,5,user_1301,Lifestyle & Vlog,2025-11-23T09:00:00+00:00,7700000000005000038
the choir part wow,en,0,user_8685,Lifestyle & Vlog,2025-11-25T18:00:00+00:00,7700000000005000038
the harmony is heavenly 😭,en,3,user_7417,Lifestyle & Vlog,2025-11-25T10:00:00+00:00,7700000000005000038
the harmony is heavenly 👏,en,0,user_6315,Lifestyle & Vlog,2025-11-27T00:00:00+00:00,7700000000005000039
the captions are hard to read,en,0,user_2894,Lifestyle & Vlog,2025-11-27T09:00:00+00:00,7700000000005000039
the harmony is heavenly,en,9,user_2439,Lifestyle & Vlog,2025-11-27T01:00:00+00:00,7700000000005000039
the choir part wow,en,1,user_5538,Lifestyle & Vlog,2025-11-26T09:00:00+00:00,7700000000005000039
the harmony is heavenly,en,2,user_6055,Lifestyle & Vlog,2025-11-26T03:00:00+00:00,7700000000005000039
your voice tho,en,0,user_7883,Lifestyle & Vlog,2025-11-29T06:00:00+00:00,7700000000005000039
so cool,en,0,user_4549,Lifestyle & Vlog,2025-11-27T18:00:00+00:00,7700000000005000039
🤩✨,en,0,user_4863,Lifestyle & Vlog,2025-11-29T13:00:00+00:00,7700000000005000039
your voice tho,en,0,user_2027,Lifestyle & Vlog,2025-11-28T13:00:00+00:00,7700000000005000039
your voice tho 👏✨,en,2,user_5288,Lifestyle & Vlog,2025-12-01T03:00:00+00:00,7700000000005000040
your voice tho 🙌,en,7,user_2525,Lifestyle & Vlog,2025-11-28T08:00:00+00:00,7700000000005000040
your voice tho,en,2,user_9763,Lifestyle & Vlog,2025-12-01T19:00:00+00:00,7700000000005000040
👏👏,en,2,user_1818,Lifestyle & Vlog,2025-12-01T05:00:00+00:00,7700000000005000040
sing the full song please,en,2,user_2322,Lifestyle & Vlog,2025-12-01T10:00:00+00:00,7700000000005000040
the choir part wow,en,0,user_2684,Lifestyle & Vlog,2025-11-30T07:00:00+00:00,7700000000005000040
the harmony is heavenly,en,0,user_1032,Lifestyle & Vlog,2025-11-30T14:00:00+00:00,7700000000005000040
the choir part wow ✨,en,0,user_6646,Lifestyle & Vlog,2025-11-30T05:00:00+00:00,7700000000005000040
the music is louder than your voice,en,0,user_8932,Lifestyle & Vlog,2025-12-04T14:00:00+00:00,7700000000005000041
sing the full song please 😍,en,0,user_9518,Lifestyle & Vlog,2025-12-02T23:00:00+00:00,7700000000005000041
this made my day,en,1,user_3495,Lifestyle & Vlog,2025-12-04T05:00:00+00:00,7700000000005000041
do a vocal cover next,en,0,user_5324,Lifestyle & Vlog,2025-12-05T16:00:00+00:00,7700000000005000041
this blessed me,en,3,user_4471,Lifestyle & Vlog,2025-12-05T11:00:00+00:00,7700000000005000041
your voice tho,en,0,user_1164,Lifestyle & Vlog,2025-12-03T00:00:00+00:00,7700000000005000041
the choir part wow 🤩😂,en,25,user_8967,Lifestyle & Vlog,2025-12-02T18:00:00+00:00,7700000000005000041
your voice tho,en,0,user_3710,Lifestyle & Vlog,2025-12-05T18:00:00+00:00,7700000000005000041
the harmony is heavenly,en,3,user_7074,Lifestyle & Vlog,2025-12-04T07:00:00+00:00,7700000000005000041
so cool 🔥,en,0,user_1068,Lifestyle & Vlog,2025-12-03T10:00:00+00:00,7700000000005000041
lol,en,0,user_2681,Lifestyle & Vlog,2025-12-08T06:00:00+00:00,7700000000005000042
this blessed me,en,1,user_3573,Lifestyle & Vlog,2025-12-06T03:00:00+00:00,7700000000005000042
the audio is a bit low on this one,en,0,user_9109,Lifestyle & Vlog,2025-12-06T03:00:00+00:00,7700000000005000042
no way,en,1,user_4610,Lifestyle & Vlog,2025-12-06T08:00:00+00:00,7700000000005000042
so cool,en,0,user_4350,Lifestyle & Vlog,2025-12-05T19:00:00+00:00,7700000000005000042
do a vocal cover next,en,6,user_8162,Lifestyle & Vlog,2025-12-08T01:00:00+00:00,7700000000005000042
the choir part wow ✨,en,0,user_5243,Lifestyle & Vlog,2025-12-05T22:00:00+00:00,7700000000005000042
do a vocal cover next,en,0,user_5994,Lifestyle & Vlog,2025-12-08T17:00:00+00:00,7700000000005000042
the choir part wow 👏💯,en,0,user_8402,Lifestyle & Vlog,2025-12-10T15:00:00+00:00,7700000000005000043
the harmony is heavenly,en,0,user_9300,Lifestyle & Vlog,2025-12-07T03:00:00+00:00,7700000000005000043
the choir part wow ✨,en,0,user_3226,Lifestyle & Vlog,2025-12-09T12:00:00+00:00,7700000000005000043
fire,en,2,user_8539,Lifestyle & Vlog,2025-12-09T06:00:00+00:00,7700000000005000043
your voice tho 😂,en,2,user_1400,Lifestyle & Vlog,2025-12-09T00:00:00+00:00,7700000000005000043
your voice tho,en,7,user_8811,Lifestyle & Vlog,2025-12-08T04:00:00+00:00,7700000000005000043
the choir part wow 🔥🤩,en,29,user_9800,Lifestyle & Vlog,2025-12-08T20:00:00+00:00,7700000000005000043
yes,en,2,user_5066,Lifestyle & Vlog,2025-12-09T13:00:00+00:00,7700000000005000043
goals,en,7,user_6408,Lifestyle & Vlog,2025-12-12T19:00:00+00:00,7700000000005000044
this blessed me,en,2,user_7372,Lifestyle & Vlog,2025-12-11T10:00:00+00:00,7700000000005000044
this blessed me 🤩😍,en,0,user_1197,Lifestyle & Vlog,2025-12-10T11:00:00+00:00,7700000000005000044
the harmony is heavenly,en,2,user_5404,Lifestyle & Vlog,2025-12-11T22:00:00+00:00,7700000000005000044
the choir part wow 😭,en,0,user_7161,Lifestyle & Vlog,2025-12-09T17:00:00+00:00,7700000000005000044
the choir part wow,en,1,user_5308,Lifestyle & Vlog,2025-12-09T06:00:00+00:00,7700000000005000044
the harmony is heavenly 🤩,en,0,user_7188,Lifestyle & Vlog,2025-12-15T19:00:00+00:00,7700000000005000045
sing the full song please,en,0,user_9116,Lifestyle & Vlog,2025-12-13T02:00:00+00:00,7700000000005000045
the harmony is heavenly,en,0,user_1204,Lifestyle & Vlog,2025-12-13T14:00:00+00:00,7700000000005000045
do a vocal cover next,en,2,user_3886,Lifestyle & Vlog,2025-12-14T23:00:00+00:00,7700000000005000045
the choir part wow,en,0,user_4510,Lifestyle & Vlog,2025-12-14T17:00:00+00:00,7700000000005000045
👏👏,en,0,user_1027,Lifestyle & Vlog,2025-12-14T17:00:00+00:00,7700000000005000045
your voice tho,en,0,user_2629,Lifestyle & Vlog,2025-12-17T04:00:00+00:00,7700000000005000046
the harmony is heavenly,en,0,user_7557,Lifestyle & Vlog,2025-12-18T13:00:00+00:00,7700000000005000046
😍😍,en,0,user_9316,Lifestyle & Vlog,2025-12-17T04:00:00+00:00,7700000000005000046
do a vocal cover next ❤️😂,en,0,user_2850,Lifestyle & Vlog,2025-12-20T12:00:00+00:00,7700000000005000046
😭❤️,en,24,user_4480,Lifestyle & Vlog,2025-12-18T02:00:00+00:00,7700000000005000046
the harmony is heavenly,en,0,user_2243,Lifestyle & Vlog,2025-12-20T00:00:00+00:00,7700000000005000046
your voice tho,en,0,user_5866,Lifestyle & Vlog,2025-12-20T16:00:00+00:00,7700000000005000046
🤩✨,en,29,user_8998,Lifestyle & Vlog,2025-12-20T18:00:00+00:00,7700000000005000046
your voice tho ❤️😍,en,0,user_4742,Lifestyle & Vlog,2025-12-20T16:00:00+00:00,7700000000005000047
🔥🔥🔥,en,0,user_8221,Lifestyle & Vlog,2025-12-20T14:00:00+00:00,7700000000005000047
sing the full song please 😍,en,0,user_9647,Lifestyle & Vlog,2025-12-21T16:00:00+00:00,7700000000005000047
sing the full song please 😂,en,0,user_6156,Lifestyle & Vlog,2025-12-20T15:00:00+00:00,7700000000005000047
your voice tho,en,0,user_3732,Lifestyle & Vlog,2025-12-22T20:00:00+00:00,7700000000005000047
sing the full song please,en,0,user_6637,Lifestyle & Vlog,2025-12-20T04:00:00+00:00,7700000000005000047
🤩✨,en,0,user_2587,Lifestyle & Vlog,2025-12-25T01:00:00+00:00,7700000000005000048
omg,en,1,user_6306,Lifestyle & Vlog,2025-12-22T06:00:00+00:00,7700000000005000048
love 🔥,en,1,user_3893,Lifestyle & Vlog,2025-12-22T09:00:00+00:00,7700000000005000048
your voice tho,en,0,user_2224,Lifestyle & Vlog,2025-12-22T04:00:00+00:00,7700000000005000048
do a vocal cover next 😂,en,0,user_8625,Lifestyle & Vlog,2025-12-23T12:00:00+00:00,7700000000005000048
😭❤️,en,0,user_5625,Lifestyle & Vlog,2025-12-24T16:00:00+00:00,7700000000005000048
🤩✨,en,11,user_8109,Lifestyle & Vlog,2025-12-23T23:00:00+00:00,7700000000005000048
the harmony is heavenly,en,6,user_4746,Lifestyle & Vlog,2025-12-25T23:00:00+00:00,7700000000005000048
this blessed me 💯😭,en,0,user_2117,Lifestyle & Vlog,2025-12-23T07:00:00+00:00,7700000000005000048
this made my day,en,2,user_2646,Lifestyle & Vlog,2025-12-25T08:00:00+00:00,7700000000005000049
same 😭🔥,en,8,user_3454,Lifestyle & Vlog,2025-12-25T03:00:00+00:00,7700000000005000049
the choir part wow ✨,en,2,user_7797,Lifestyle & Vlog,2025-12-25T14:00:00+00:00,7700000000005000049
🤩✨,en,0,user_7289,Lifestyle & Vlog,2025-12-25T20:00:00+00:00,7700000000005000049
this blessed me,en,0,user_2657,Lifestyle & Vlog,2025-12-25T05:00:00+00:00,7700000000005000049
sing the full song please,en,0,user_5889,Lifestyle & Vlog,2025-12-27T04:00:00+00:00,7700000000005000049
do a vocal cover next,en,0,user_6080,Lifestyle & Vlog,2025-12-24T14:00:00+00:00,7700000000005000049
your voice tho 🔥😂,en,0,user_5188,Lifestyle & Vlog,2025-12-26T08:00:00+00:00,7700000000005000049
this blessed me,en,3,user_3643,Lifestyle & Vlog,2025-12-30T20:00:00+00:00,7700000000005000050
lol,en,4,user_3301,Lifestyle & Vlog,2025-12-27T08:00:00+00:00,7700000000005000050
lol,en,0,user_9557,Lifestyle & Vlog,2025-12-28T04:00:00+00:00,7700000000005000050
your voice tho,en,0,user_2836,Lifestyle & Vlog,2025-12-29T23:00:00+00:00,7700000000005000050
your voice tho,en,0,user_3646,Lifestyle & Vlog,2025-12-29T15:00:00+00:00,7700000000005000050
the choir part wow,en,0,user_1342,Lifestyle & Vlog,2025-12-29T02:00:00+00:00,7700000000005000050
do a vocal cover next,en,3,user_9441,Lifestyle & Vlog,2025-12-28T12:00:00+00:00,7700000000005000050
the harmony is heavenly,en,2,user_7962,Lifestyle & Vlog,2025-12-30T09:00:00+00:00,7700000000005000050
the choir part wow,en,0,user_3329,Lifestyle & Vlog,2025-12-29T21:00:00+00:00,7700000000005000050
do a vocal cover next ✨❤️,en,0,user_3337,Lifestyle & Vlog,2025-12-30T06:00:00+00:00,7700000000005000051
the choir part wow 🤩✨,en,0,user_5859,Lifestyle & Vlog,2026-01-01T21:00:00+00:00,7700000000005000051
this blessed me 🔥,en,1,user_7988,Lifestyle & Vlog,2025-12-30T23:00:00+00:00,7700000000005000051
this blessed me,en,24,user_5166,Lifestyle & Vlog,2026-01-01T21:00:00+00:00,7700000000005000051
the harmony is heavenly,en,0,user_2521,Lifestyle & Vlog,2025-12-29T18:00:00+00:00,7700000000005000051
sing the full song please 🙌😭,en,0,user_4245,Lifestyle & Vlog,2026-01-03T10:00:00+00:00,7700000000005000052
obsessed 💯,en,0,user_3841,Lifestyle & Vlog,2026-01-04T06:00:00+00:00,7700000000005000052
no way,en,0,user_2315,Lifestyle & Vlog,2026-01-03T23:00:00+00:00,7700000000005000052
omg,en,0,user_4059,Lifestyle & Vlog,2026-01-03T01:00:00+00:00,7700000000005000052
🤩✨,en,0,user_2134,Lifestyle & Vlog,2026-01-04T22:00:00+00:00,7700000000005000052
sing the full song please 🤩,en,0,user_1592,Lifestyle & Vlog,2026-01-04T15:00:00+00:00,7700000000005000052
fire 🙌🤩,en,0,user_9899,Lifestyle & Vlog,2026-01-08T10:00:00+00:00,7700000000005000053
the choir part wow,en,24,user_2787,Lifestyle & Vlog,2026-01-06T21:00:00+00:00,7700000000005000053
the choir part wow 💯😂,en,23,user_5255,Lifestyle & Vlog,2026-01-06T18:00:00+00:00,7700000000005000053
this blessed me,en,0,user_1782,Lifestyle & Vlog,2026-01-08T12:00:00+00:00,7700000000005000053
this made my day 🙌,en,20,user_5060,Lifestyle & Vlog,2026-01-09T00:00:00+00:00,7700000000005000053
the harmony is heavenly,en,0,user_3363,Lifestyle & Vlog,2026-01-10T12:00:00+00:00,7700000000005000054
do a vocal cover next,en,0,user_4906,Lifestyle & Vlog,2026-01-10T19:00:00+00:00,7700000000005000054
the harmony is heavenly 😍❤️,en,9,user_9872,Lifestyle & Vlog,2026-01-10T20:00:00+00:00,7700000000005000054
sing the full song please,en,29,user_9668,Lifestyle & Vlog,2026-01-10T05:00:00+00:00,7700000000005000054
the harmony is heavenly,en,0,user_1699,Lifestyle & Vlog,2026-01-08T05:00:00+00:00,7700000000005000054
😍😍,en,0,user_1245,Lifestyle & Vlog,2026-01-09T20:00:00+00:00,7700000000005000054
the harmony is heavenly,en,0,user_9639,Lifestyle & Vlog,2026-01-11T22:00:00+00:00,7700000000005000054
so relatable,en,3,user_1284,Lifestyle & Vlog,2026-01-13T04:00:00+00:00,7700000000005000055
😭❤️,en,8,user_8507,Lifestyle & Vlog,2026-01-12T19:00:00+00:00,7700000000005000055
facts ✨💯,en,0,user_8151,Lifestyle & Vlog,2026-01-11T05:00:00+00:00,7700000000005000055
so relatable,en,0,user_8448,Lifestyle & Vlog,2026-01-14T04:00:00+00:00,7700000000005000055
the music is louder than your voice,en,0,user_6200,Lifestyle & Vlog,2026-01-13T08:00:00+00:00,7700000000005000055
facts,en,3,user_8566,Lifestyle & Vlog,2026-01-15T00:00:00+00:00,7700000000005000055
🔥🔥🔥,en,0,user_7700,Lifestyle & Vlog,2026-01-14T08:00:00+00:00,7700000000005000055
😭❤️,en,0,user_5333,Lifestyle & Vlog,2026-01-12T06:00:00+00:00,7700000000005000055
so relatable 💯🙌,en,19,user_2030,Lifestyle & Vlog,2026-01-15T11:00:00+00:00,7700000000005000056
fire ✨🙌,en,0,user_9306,Lifestyle & Vlog,2026-01-18T16:00:00+00:00,7700000000005000056
vlog a market day,en,1,user_6803,Lifestyle & Vlog,2026-01-17T09:00:00+00:00,7700000000005000056
this is too real 😍,en,0,user_4895,Lifestyle & Vlog,2026-01-18T21:00:00+00:00,7700000000005000056
facts 😭,en,0,user_2103,Lifestyle & Vlog,2026-01-17T07:00:00+00:00,7700000000005000056
this is too real,en,0,user_2229,Lifestyle & Vlog,2026-01-16T04:00:00+00:00,7700000000005000056
show us your hair routine,en,3,user_3341,Lifestyle & Vlog,2026-01-16T01:00:00+00:00,7700000000005000056
lol,en,0,user_7254,Lifestyle & Vlog,2026-01-17T05:00:00+00:00,7700000000005000056
fire 😂💯,en,2,user_2983,Lifestyle & Vlog,2026-01-15T22:00:00+00:00,7700000000005000056
nigerian girls stay strong 💯,en,0,user_6354,Lifestyle & Vlog,2026-01-20T10:00:00+00:00,7700000000005000057
🔥🔥🔥,en,0,user_1308,Lifestyle & Vlog,2026-01-21T04:00:00+00:00,7700000000005000057
this is too real,en,0,user_9991,Lifestyle & Vlog,2026-01-18T02:00:00+00:00,7700000000005000057
obsessed,en,0,user_9308,Lifestyle & Vlog,2026-01-19T01:00:00+00:00,7700000000005000057
so relatable,en,4,user_9504,Lifestyle & Vlog,2026-01-21T23:00:00+00:00,7700000000005000057
lmaoooo,en,0,user_1618,Lifestyle & Vlog,2026-01-20T20:00:00+00:00,7700000000005000057
obsessed,en,1,user_9632,Lifestyle & Vlog,2026-01-21T14:00:00+00:00,7700000000005000057
💯,en,0,user_8109,Lifestyle & Vlog,2026-01-23T01:00:00+00:00,7700000000005000058
🤩✨,en,0,user_2534,Lifestyle & Vlog,2026-01-22T02:00:00+00:00,7700000000005000058
❤️❤️❤️,en,10,user_3485,Lifestyle & Vlog,2026-01-23T19:00:00+00:00,7700000000005000058
this is too real,en,0,user_6560,Lifestyle & Vlog,2026-01-24T04:00:00+00:00,7700000000005000058
so relatable,en,3,user_4765,Lifestyle & Vlog,2026-01-21T01:00:00+00:00,7700000000005000058
so relatable,en,0,user_5179,Lifestyle & Vlog,2026-01-22T12:00:00+00:00,7700000000005000058
😭❤️,en,0,user_7670,Lifestyle & Vlog,2026-01-24T03:00:00+00:00,7700000000005000058
nigerian girls stay strong,en,7,user_3154,Lifestyle & Vlog,2026-01-24T00:00:00+00:00,7700000000005000058
😭❤️,en,3,user_2691,Lifestyle & Vlog,2026-01-24T18:00:00+00:00,7700000000005000058
this made my day,en,1,user_6980,Lifestyle & Vlog,2026-01-24T00:00:00+00:00,7700000000005000058
vlog a market day,en,1,user_9251,Lifestyle & Vlog,2026-01-24T02:00:00+00:00,7700000000005000059
😭❤️,en,2,user_7613,Lifestyle & Vlog,2026-01-24T16:00:00+00:00,7700000000005000059
😭❤️,en,0,user_1235,Lifestyle & Vlog,2026-01-23T02:00:00+00:00,7700000000005000059
so cool,en,0,user_6546,Lifestyle & Vlog,2026-01-25T13:00:00+00:00,7700000000005000059
🤩✨,en,0,user_8876,Lifestyle & Vlog,2026-01-26T17:00:00+00:00,7700000000005000059
this is too real,en,0,user_4658,Lifestyle & Vlog,2026-01-28T07:00:00+00:00,7700000000005000060
nigerian girls stay strong,en,2,user_9468,Lifestyle & Vlog,2026-01-25T08:00:00+00:00,7700000000005000060
🤩✨,en,0,user_6188,Lifestyle & Vlog,2026-01-25T13:00:00+00:00,7700000000005000060
facts,en,1,user_3856,Lifestyle & Vlog,2026-01-26T08:00:00+00:00,7700000000005000060
show us your hair routine,en,0,user_2400,Lifestyle & Vlog,2026-01-25T06:00:00+00:00,7700000000005000060
vlog a market day 😂,en,0,user_1481,Lifestyle & Vlog,2026-01-26T20:00:00+00:00,7700000000005000060
lmaoooo,en,0,user_2386,Lifestyle & Vlog,2026-01-25T09:00:00+00:00,7700000000005000060
so relatable,en,0,user_1014,Lifestyle & Vlog,2026-01-26T12:00:00+00:00,7700000000005000060
😍😍,en,0,user_9986,Lifestyle & Vlog,2026-01-30T00:00:00+00:00,7700000000005000061
show us your hair routine,en,0,user_8351,Lifestyle & Vlog,2026-01-29T10:00:00+00:00,7700000000005000061
this is too real,en,0,user_4626,Lifestyle & Vlog,2026-01-29T22:00:00+00:00,7700000000005000061
facts,en,0,user_7815,Lifestyle & Vlog,2026-01-27T17:00:00+00:00,7700000000005000061
lmaoooo,en,2,user_1806,Lifestyle & Vlog,2026-01-28T01:00:00+00:00,7700000000005000061
nigerian girls stay strong,en,0,user_4992,Lifestyle & Vlog,2026-02-03T04:00:00+00:00,7700000000005000062
this made my day,en,0,user_9309,Lifestyle & Vlog,2026-02-03T15:00:00+00:00,7700000000005000062
show us your hair routine,en,0,user_9125,Lifestyle & Vlog,2026-02-01T11:00:00+00:00,7700000000005000062
vlog a market day,en,0,user_6557,Lifestyle & Vlog,2026-02-02T20:00:00+00:00,7700000000005000062
omg,en,3,user_4143,Lifestyle & Vlog,2026-02-02T17:00:00+00:00,7700000000005000062
vlog a market day 🔥😍,en,0,user_1071,Lifestyle & Vlog,2026-02-02T09:00:00+00:00,7700000000005000062
show us your hair routine,en,0,user_2974,Lifestyle & Vlog,2026-02-01T00:00:00+00:00,7700000000005000062
nigerian girls stay strong,en,3,user_9954,Lifestyle & Vlog,2026-02-02T14:00:00+00:00,7700000000005000062
vlog a market day,en,0,user_9321,Lifestyle & Vlog,2026-02-05T21:00:00+00:00,7700000000005000063
lmaoooo 🔥😍,en,3,user_1157,Lifestyle & Vlog,2026-02-05T21:00:00+00:00,7700000000005000063
lmaoooo 🔥,en,0,user_2665,Lifestyle & Vlog,2026-02-04T18:00:00+00:00,7700000000005000063
facts,en,0,user_9126,Lifestyle & Vlog,2026-02-05T07:00:00+00:00,7700000000005000063
nigerian girls stay strong,en,0,user_2311,Lifestyle & Vlog,2026-02-05T21:00:00+00:00,7700000000005000063
obsessed 💯👏,en,0,user_1701,Lifestyle & Vlog,2026-02-03T07:00:00+00:00,7700000000005000063
facts,en,0,user_6232,Lifestyle & Vlog,2026-02-02T09:00:00+00:00,7700000000005000063
show us your hair routine 👏,en,26,user_1052,Lifestyle & Vlog,2026-02-04T13:00:00+00:00,7700000000005000063
obsessed 🔥🔥,en,0,user_7218,Lifestyle & Vlog,2026-02-07T14:00:00+00:00,7700000000005000064
vlog a market day,en,0,user_2299,Lifestyle & Vlog,2026-02-05T15:00:00+00:00,7700000000005000064
vlog a market day,en,0,user_5782,Lifestyle & Vlog,2026-02-07T09:00:00+00:00,7700000000005000064
show us your hair routine,en,0,user_2386,Lifestyle & Vlog,2026-02-08T17:00:00+00:00,7700000000005000064
🔥🔥🔥,en,7,user_6376,Lifestyle & Vlog,2026-02-06T14:00:00+00:00,7700000000005000064
show us your hair routine ✨,en,0,user_3959,Lifestyle & Vlog,2026-02-07T11:00:00+00:00,7700000000005000064
fire 😂,en,0,user_8130,Lifestyle & Vlog,2026-02-07T06:00:00+00:00,7700000000005000064
❤️❤️❤️,en,3,user_1593,Lifestyle & Vlog,2026-02-12T16:00:00+00:00,7700000000005000065
yes 🤩,en,0,user_5261,Lifestyle & Vlog,2026-02-10T13:00:00+00:00,7700000000005000065
🔥🔥🔥,en,0,user_4950,Lifestyle & Vlog,2026-02-10T19:00:00+00:00,7700000000005000065
nigerian girls stay strong 😂,en,3,user_5771,Lifestyle & Vlog,2026-02-11T10:00:00+00:00,7700000000005000065
omg,en,0,user_4232,Lifestyle & Vlog,2026-02-10T14:00:00+00:00,7700000000005000065
lmaoooo 🙌👏,en,7,user_4039,Lifestyle & Vlog,2026-02-10T12:00:00+00:00,7700000000005000065
show us your hair routine 🔥,en,2,user_6709,Lifestyle & Vlog,2026-02-10T20:00:00+00:00,7700000000005000065
nigerian girls stay strong,en,0,user_7066,Lifestyle & Vlog,2026-02-11T10:00:00+00:00,7700000000005000065
so relatable ✨,en,0,user_7220,Lifestyle & Vlog,2026-02-09T14:00:00+00:00,7700000000005000065
this is too real,en,3,user_3107,Lifestyle & Vlog,2026-02-11T15:00:00+00:00,7700000000005000065
the music is louder than your voice,en,0,user_8398,Lifestyle & Vlog,2026-02-13T04:00:00+00:00,7700000000005000066
nigerian girls stay strong ✨🙌,en,8,user_5551,Lifestyle & Vlog,2026-02-15T03:00:00+00:00,7700000000005000066
👏👏,en,0,user_8321,Lifestyle & Vlog,2026-02-13T15:00:00+00:00,7700000000005000066
so relatable ✨❤️,en,0,user_7986,Lifestyle & Vlog,2026-02-14T04:00:00+00:00,7700000000005000066
this is too real,en,8,user_8846,Lifestyle & Vlog,2026-02-14T17:00:00+00:00,7700000000005000066
vlog a market day,en,0,user_9834,Lifestyle & Vlog,2026-02-14T19:00:00+00:00,7700000000005000066
🤩✨,en,0,user_5674,Lifestyle & Vlog,2026-02-15T17:00:00+00:00,7700000000005000066
obsessed,en,0,user_5568,Lifestyle & Vlog,2026-02-15T07:00:00+00:00,7700000000005000066
facts,en,0,user_6473,Lifestyle & Vlog,2026-02-16T20:00:00+00:00,7700000000005000067
video is too short make it longer,en,0,user_1898,Lifestyle & Vlog,2026-02-16T09:00:00+00:00,7700000000005000067
vlog a market day,en,0,user_3030,Lifestyle & Vlog,2026-02-17T11:00:00+00:00,7700000000005000067
vlog a market day 🤩,en,4,user_4741,Lifestyle & Vlog,2026-02-16T09:00:00+00:00,7700000000005000067
vlog a market day,en,0,user_7096,Lifestyle & Vlog,2026-02-16T17:00:00+00:00,7700000000005000067
camera is shaky here ✨😍,en,0,user_4530,Lifestyle & Vlog,2026-02-17T21:00:00+00:00,7700000000005000067
lmaoooo,en,10,user_8833,Lifestyle & Vlog,2026-02-18T05:00:00+00:00,7700000000005000067
so relatable,en,0,user_7658,Lifestyle & Vlog,2026-02-19T14:00:00+00:00,7700000000005000068
show us your hair routine 💯,en,2,user_4401,Lifestyle & Vlog,2026-02-20T22:00:00+00:00,7700000000005000068
yes,en,0,user_7718,Lifestyle & Vlog,2026-02-19T21:00:00+00:00,7700000000005000068
show us your hair routine 😭✨,en,3,user_8970,Lifestyle & Vlog,2026-02-17T17:00:00+00:00,7700000000005000068
no way ❤️🤩,en,0,user_5205,Lifestyle & Vlog,2026-02-19T10:00:00+00:00,7700000000005000068
vlog a market day,en,1,user_3893,Lifestyle & Vlog,2026-02-21T12:00:00+00:00,7700000000005000069
lmaoooo,en,0,user_1149,Lifestyle & Vlog,2026-02-21T20:00:00+00:00,7700000000005000069
this is too real ✨,en,6,user_1424,Lifestyle & Vlog,2026-02-19T04:00:00+00:00,7700000000005000069
facts,en,3,user_1646,Lifestyle & Vlog,2026-02-20T13:00:00+00:00,7700000000005000069
this is too real 😍,en,2,user_3179,Lifestyle & Vlog,2026-02-19T05:00:00+00:00,7700000000005000069
so cool,en,0,user_6132,Lifestyle & Vlog,2026-02-20T15:00:00+00:00,7700000000005000069
the music is louder than your voice,en,1,user_8572,Lifestyle & Vlog,2026-02-22T10:00:00+00:00,7700000000005000069
so relatable,en,0,user_8357,Lifestyle & Vlog,2026-02-21T07:00:00+00:00,7700000000005000069
this is too real,en,0,user_4956,Lifestyle & Vlog,2026-02-22T22:00:00+00:00,7700000000005000069
no way,en,2,user_3534,Lifestyle & Vlog,2026-02-20T05:00:00+00:00,7700000000005000069
so relatable,en,3,user_3871,Lifestyle & Vlog,2026-02-24T03:00:00+00:00,7700000000005000070
lmaoooo ❤️🔥,en,0,user_6028,Lifestyle & Vlog,2026-02-25T02:00:00+00:00,7700000000005000070
facts,en,3,user_7683,Lifestyle & Vlog,2026-02-22T09:00:00+00:00,7700000000005000070
nigerian girls stay strong ✨😂,en,0,user_8036,Lifestyle & Vlog,2026-02-24T00:00:00+00:00,7700000000005000070
wow 💯😭,en,2,user_5264,Lifestyle & Vlog,2026-02-26T00:00:00+00:00,7700000000005000070
so relatable,en,10,user_9405,Lifestyle & Vlog,2026-02-23T15:00:00+00:00,7700000000005000070
👏👏,en,4,user_5916,Lifestyle & Vlog,2026-02-25T08:00:00+00:00,7700000000005000070
no way,en,0,user_5295,Lifestyle & Vlog,2026-02-25T15:00:00+00:00,7700000000005000070
facts,en,2,user_9375,Lifestyle & Vlog,2026-02-27T21:00:00+00:00,7700000000005000071
nigerian girls stay strong,en,20,user_8448,Lifestyle & Vlog,2026-02-25T11:00:00+00:00,7700000000005000071
nigerian girls stay strong,en,0,user_1710,Lifestyle & Vlog,2026-02-26T19:00:00+00:00,7700000000005000071
this is too real 🔥🙌,en,0,user_3270,Lifestyle & Vlog,2026-02-27T12:00:00+00:00,7700000000005000071
this made my day,en,0,user_5414,Lifestyle & Vlog,2026-02-28T14:00:00+00:00,7700000000005000071
so relatable 🙌🙌,en,1,user_2568,Lifestyle & Vlog,2026-02-27T06:00:00+00:00,7700000000005000071
nigerian girls stay strong ❤️,en,0,user_5470,Lifestyle & Vlog,2026-03-02T04:00:00+00:00,7700000000005000072
show us your hair routine 👏,en,2,user_1276,Lifestyle & Vlog,2026-03-03T01:00:00+00:00,7700000000005000072
nigerian girls stay strong,en,1,user_2760,Lifestyle & Vlog,2026-03-01T08:00:00+00:00,7700000000005000072
vlog a market day,en,0,user_4980,Lifestyle & Vlog,2026-03-04T02:00:00+00:00,7700000000005000072
lmaoooo,en,0,user_1621,Lifestyle & Vlog,2026-03-01T02:00:00+00:00,7700000000005000072
nigerian girls stay strong,en,1,user_7363,Lifestyle & Vlog,2026-03-02T07:00:00+00:00,7700000000005000072
no way,en,2,user_6672,Lifestyle & Vlog,2026-03-01T19:00:00+00:00,7700000000005000072
nigerian girls stay strong,en,0,user_9156,Lifestyle & Vlog,2026-03-04T21:00:00+00:00,7700000000005000072
goals,en,2,user_4400,Lifestyle & Vlog,2026-03-07T17:00:00+00:00,7700000000005000073
this made my day 💯👏,en,0,user_4060,Lifestyle & Vlog,2026-03-04T10:00:00+00:00,7700000000005000073
so relatable,en,0,user_8901,Lifestyle & Vlog,2026-03-06T20:00:00+00:00,7700000000005000073
this is too real 👏🔥,en,8,user_8080,Lifestyle & Vlog,2026-03-05T00:00:00+00:00,7700000000005000073
this is too real,en,2,user_7622,Lifestyle & Vlog,2026-03-05T23:00:00+00:00,7700000000005000073
so relatable,en,2,user_7873,Lifestyle & Vlog,2026-03-07T10:00:00+00:00,7700000000005000073
facts,en,0,user_4427,Lifestyle & Vlog,2026-03-04T21:00:00+00:00,7700000000005000073
show us your hair routine,en,0,user_6377,Lifestyle & Vlog,2026-03-04T21:00:00+00:00,7700000000005000073
this is too real,en,1,user_8956,Lifestyle & Vlog,2026-03-04T07:00:00+00:00,7700000000005000073
this is too real,en,6,user_4410,Lifestyle & Vlog,2026-03-08T04:00:00+00:00,7700000000005000074
🔥🔥🔥,en,3,user_5118,Lifestyle & Vlog,2026-03-09T03:00:00+00:00,7700000000005000074
nigerian girls stay strong,en,0,user_5880,Lifestyle & Vlog,2026-03-08T14:00:00+00:00,7700000000005000074
lmaoooo ❤️😍,en,0,user_9870,Lifestyle & Vlog,2026-03-09T09:00:00+00:00,7700000000005000074
so relatable 🔥,en,0,user_7513,Lifestyle & Vlog,2026-03-09T12:00:00+00:00,7700000000005000074
this is too real,en,3,user_7468,Lifestyle & Vlog,2026-03-08T15:00:00+00:00,7700000000005000074
lmaoooo,en,4,user_7427,Lifestyle & Vlog,2026-03-09T08:00:00+00:00,7700000000005000074
lmaoooo 😭😍,en,1,user_9908,Lifestyle & Vlog,2026-03-11T17:00:00+00:00,7700000000005000075
fire 🔥,en,0,user_9599,Lifestyle & Vlog,2026-03-09T08:00:00+00:00,7700000000005000075
no way 🔥,en,20,user_2138,Lifestyle & Vlog,2026-03-09T05:00:00+00:00,7700000000005000075
show us your hair routine,en,0,user_1617,Lifestyle & Vlog,2026-03-11T23:00:00+00:00,7700000000005000075
show us your hair routine 🔥,en,0,user_4477,Lifestyle & Vlog,2026-03-10T23:00:00+00:00,7700000000005000075
lmaoooo,en,2,user_8769,Lifestyle & Vlog,2026-03-08T17:00:00+00:00,7700000000005000075
wow,en,0,user_8441,Lifestyle & Vlog,2026-03-08T15:00:00+00:00,7700000000005000075
❤️❤️❤️,en,0,user_3695,Lifestyle & Vlog,2026-03-11T11:00:00+00:00,7700000000005000075
so relatable,en,0,user_9733,Lifestyle & Vlog,2026-03-10T21:00:00+00:00,7700000000005000076
lol,en,0,user_6649,Lifestyle & Vlog,2026-03-13T21:00:00+00:00,7700000000005000076
😍😍,en,3,user_7068,Lifestyle & Vlog,2026-03-12T03:00:00+00:00,7700000000005000076
facts,en,10,user_4685,Lifestyle & Vlog,2026-03-12T11:00:00+00:00,7700000000005000076
lmaoooo,en,2,user_9015,Lifestyle & Vlog,2026-03-12T04:00:00+00:00,7700000000005000076
so relatable,en,3,user_4562,Lifestyle & Vlog,2026-03-13T06:00:00+00:00,7700000000005000076
facts,en,0,user_7589,Lifestyle & Vlog,2026-03-14T00:00:00+00:00,7700000000005000076
wow,en,0,user_4506,Lifestyle & Vlog,2026-03-11T17:00:00+00:00,7700000000005000076
❤️❤️❤️,en,1,user_1384,Lifestyle & Vlog,2026-03-14T23:00:00+00:00,7700000000005000077
show us your hair routine 😭❤️,en,3,user_8113,Lifestyle & Vlog,2026-03-14T20:00:00+00:00,7700000000005000077
so relatable,en,0,user_3285,Lifestyle & Vlog,2026-03-15T14:00:00+00:00,7700000000005000077
😭❤️,en,5,user_4314,Lifestyle & Vlog,2026-03-15T20:00:00+00:00,7700000000005000077
this made my day,en,0,user_3871,Lifestyle & Vlog,2026-03-14T07:00:00+00:00,7700000000005000077
nigerian girls stay strong,en,0,user_1867,Lifestyle & Vlog,2026-03-16T02:00:00+00:00,7700000000005000077
this is too real,en,3,user_1213,Lifestyle & Vlog,2026-03-18T00:00:00+00:00,7700000000005000077
this is too real,en,4,user_2758,Lifestyle & Vlog,2026-03-16T21:00:00+00:00,7700000000005000077
this is too real 💯❤️,en,0,user_6219,Lifestyle & Vlog,2026-03-14T22:00:00+00:00,7700000000005000077
lol,en,0,user_1012,Lifestyle & Vlog,2026-03-16T13:00:00+00:00,7700000000005000078
so relatable,en,10,user_8436,Lifestyle & Vlog,2026-03-19T01:00:00+00:00,7700000000005000078
nigerian girls stay strong,en,0,user_6469,Lifestyle & Vlog,2026-03-18T06:00:00+00:00,7700000000005000078
facts 😍🔥,en,2,user_9751,Lifestyle & Vlog,2026-03-16T20:00:00+00:00,7700000000005000078
facts 😍😭,en,0,user_6093,Lifestyle & Vlog,2026-03-18T05:00:00+00:00,7700000000005000078
show us your hair routine,en,8,user_9049,Lifestyle & Vlog,2026-03-20T00:00:00+00:00,7700000000005000079
video is too short make it longer,en,0,user_2448,Lifestyle & Vlog,2026-03-22T20:00:00+00:00,7700000000005000079
facts 🤩,en,3,user_8871,Lifestyle & Vlog,2026-03-21T02:00:00+00:00,7700000000005000079
so relatable 😂,en,0,user_2012,Lifestyle & Vlog,2026-03-22T23:00:00+00:00,7700000000005000079
vlog a market day,en,14,user_7225,Lifestyle & Vlog,2026-03-22T15:00:00+00:00,7700000000005000079
nigerian girls stay strong 🙌,en,0,user_9049,Lifestyle & Vlog,2026-03-22T22:00:00+00:00,7700000000005000079
show us your hair routine ✨,en,30,user_6645,Lifestyle & Vlog,2026-03-19T20:00:00+00:00,7700000000005000079
vlog a market day,en,0,user_9337,Lifestyle & Vlog,2026-03-23T12:00:00+00:00,7700000000005000080
show us your hair routine,en,1,user_1437,Lifestyle & Vlog,2026-03-23T12:00:00+00:00,7700000000005000080
lmaoooo,en,1,user_5309,Lifestyle & Vlog,2026-03-26T02:00:00+00:00,7700000000005000080
🤩✨,en,0,user_5090,Lifestyle & Vlog,2026-03-24T02:00:00+00:00,7700000000005000080
vlog a market day,en,7,user_8256,Lifestyle & Vlog,2026-03-24T18:00:00+00:00,7700000000005000080
nigerian girls stay strong ❤️,en,1,user_7953,Lifestyle & Vlog,2026-03-26T07:00:00+00:00,7700000000005000080
vlog a market day,en,0,user_5755,Lifestyle & Vlog,2026-03-25T12:00:00+00:00,7700000000005000080
nigerian girls stay strong,en,0,user_5945,Lifestyle & Vlog,2026-03-29T06:00:00+00:00,7700000000005000081
the music is louder than your voice,en,3,user_6498,Lifestyle & Vlog,2026-03-28T19:00:00+00:00,7700000000005000081
vlog a market day,en,0,user_6114,Lifestyle & Vlog,2026-03-26T14:00:00+00:00,7700000000005000081
same,en,0,user_4370,Lifestyle & Vlog,2026-03-27T21:00:00+00:00,7700000000005000081
love 😍,en,3,user_8617,Lifestyle & Vlog,2026-03-27T05:00:00+00:00,7700000000005000081
nigerian girls stay strong 💯🙌,en,19,user_5280,Lifestyle & Vlog,2026-03-28T03:00:00+00:00,7700000000005000081
facts,en,0,user_2881,Lifestyle & Vlog,2026-03-30T04:00:00+00:00,7700000000005000082
so relatable,en,0,user_2709,Lifestyle & Vlog,2026-03-30T05:00:00+00:00,7700000000005000082
vlog a market day,en,0,user_5268,Lifestyle & Vlog,2026-03-29T08:00:00+00:00,7700000000005000082
the captions are hard to read ✨,en,6,user_6448,Lifestyle & Vlog,2026-03-31T11:00:00+00:00,7700000000005000082
so relatable,en,0,user_9760,Lifestyle & Vlog,2026-03-31T19:00:00+00:00,7700000000005000082
so relatable 😍,en,0,user_1761,Lifestyle & Vlog,2026-03-30T11:00:00+00:00,7700000000005000082
nigerian girls stay strong 👏🙌,en,5,user_5196,Lifestyle & Vlog,2026-03-30T16:00:00+00:00,7700000000005000082
this made my day,en,0,user_8982,Lifestyle & Vlog,2026-04-03T13:00:00+00:00,7700000000005000083
lmaoooo 😂,en,0,user_2789,Lifestyle & Vlog,2026-04-02T07:00:00+00:00,7700000000005000083
lmaoooo,en,0,user_4643,Lifestyle & Vlog,2026-03-31T05:00:00+00:00,7700000000005000083
so relatable,en,3,user_4855,Lifestyle & Vlog,2026-04-03T01:00:00+00:00,7700000000005000083
lmaoooo,en,4,user_2622,Lifestyle & Vlog,2026-04-01T17:00:00+00:00,7700000000005000083
no way,en,0,user_6539,Lifestyle & Vlog,2026-04-06T18:00:00+00:00,7700000000005000084
this is too real 🙌,en,0,user_8986,Lifestyle & Vlog,2026-04-04T01:00:00+00:00,7700000000005000084
lmaoooo 🙌,en,0,user_9812,Lifestyle & Vlog,2026-04-06T01:00:00+00:00,7700000000005000084
nigerian girls stay strong,en,0,user_7592,Lifestyle & Vlog,2026-04-06T05:00:00+00:00,7700000000005000084
this is too real,en,0,user_5840,Lifestyle & Vlog,2026-04-04T10:00:00+00:00,7700000000005000084
🤩✨,en,0,user_7894,Lifestyle & Vlog,2026-04-03T05:00:00+00:00,7700000000005000084
show us your hair routine,en,0,user_3121,Lifestyle & Vlog,2026-04-04T09:00:00+00:00,7700000000005000084
love ✨😍,en,0,user_1219,Lifestyle & Vlog,2026-04-05T20:00:00+00:00,7700000000005000084
this is too real 🔥,en,0,user_4196,Lifestyle & Vlog,2026-04-09T20:00:00+00:00,7700000000005000085
this is too real,en,9,user_8848,Lifestyle & Vlog,2026-04-09T11:00:00+00:00,7700000000005000085
same 🔥,en,0,user_9886,Lifestyle & Vlog,2026-04-10T09:00:00+00:00,7700000000005000085
facts,en,0,user_3724,Lifestyle & Vlog,2026-04-07T09:00:00+00:00,7700000000005000085
this is too real,en,7,user_3741,Lifestyle & Vlog,2026-04-08T03:00:00+00:00,7700000000005000085
so relatable,en,3,user_3078,Lifestyle & Vlog,2026-04-14T03:00:00+00:00,7700000000005000086
this is too real,en,3,user_6050,Lifestyle & Vlog,2026-04-13T11:00:00+00:00,7700000000005000086
facts ✨,en,0,user_7397,Lifestyle & Vlog,2026-04-11T20:00:00+00:00,7700000000005000086
this is too real,en,3,user_6305,Lifestyle & Vlog,2026-04-12T02:00:00+00:00,7700000000005000086
so relatable,en,3,user_4763,Lifestyle & Vlog,2026-04-12T21:00:00+00:00,7700000000005000086
lmaoooo,en,0,user_9448,Lifestyle & Vlog,2026-04-16T18:00:00+00:00,7700000000005000087
😍😍,en,0,user_1438,Lifestyle & Vlog,2026-04-17T06:00:00+00:00,7700000000005000087
show us your hair routine,en,0,user_3450,Lifestyle & Vlog,2026-04-15T21:00:00+00:00,7700000000005000087
show us your hair routine,en,1,user_5876,Lifestyle & Vlog,2026-04-17T04:00:00+00:00,7700000000005000087
show us your hair routine,en,0,user_1690,Lifestyle & Vlog,2026-04-14T09:00:00+00:00,7700000000005000087
the music is louder than your voice,en,1,user_5502,Lifestyle & Vlog,2026-04-15T00:00:00+00:00,7700000000005000087
facts,en,0,user_6524,Lifestyle & Vlog,2026-04-19T07:00:00+00:00,7700000000005000088
show us your hair routine 🔥🔥,en,7,user_4012,Lifestyle & Vlog,2026-04-18T19:00:00+00:00,7700000000005000088
this is too real,en,0,user_9848,Lifestyle & Vlog,2026-04-18T23:00:00+00:00,7700000000005000088
facts,en,12,user_1368,Lifestyle & Vlog,2026-04-16T03:00:00+00:00,7700000000005000088
the audio is a bit low on this one ❤️❤️,en,3,user_6272,Lifestyle & Vlog,2026-04-17T22:00:00+00:00,7700000000005000088
vlog a market day,en,2,user_6633,Lifestyle & Vlog,2026-04-18T10:00:00+00:00,7700000000005000088
facts,en,3,user_5399,Lifestyle & Vlog,2026-04-19T18:00:00+00:00,7700000000005000088
so relatable 🙌👏,en,0,user_4458,Lifestyle & Vlog,2026-04-18T07:00:00+00:00,7700000000005000088
lmaoooo,en,0,user_5676,Lifestyle & Vlog,2026-04-18T01:00:00+00:00,7700000000005000088
facts,en,0,user_3277,Lifestyle & Vlog,2026-04-22T02:00:00+00:00,7700000000005000089
facts 😂😭,en,0,user_3610,Lifestyle & Vlog,2026-04-20T16:00:00+00:00,7700000000005000089
facts ❤️😂,en,0,user_9706,Lifestyle & Vlog,2026-04-20T13:00:00+00:00,7700000000005000089
vlog a market day,en,3,user_2548,Lifestyle & Vlog,2026-04-20T04:00:00+00:00,7700000000005000089
😍😍,en,0,user_8539,Lifestyle & Vlog,2026-04-22T15:00:00+00:00,7700000000005000089
